Date, Close
01/04/96, 1631.06
01/05/96, 1632.03
01/08/96, 1621.42
01/09/96, 1622.83
01/10/96, 1617.45
01/11/96, 1599.98
01/12/96, 1592.21
01/16/96, 1603.08
01/17/96, 1605.01
01/18/96, 1587.31
01/19/96, 1585.52
01/22/96, 1570.39
01/23/96, 1564.10
01/24/96, 1573.63
01/25/96, 1583.64
01/26/96, 1597.14
01/29/96, 1593.22
01/30/96, 1598.14
01/31/96, 1613.11
02/01/96, 1624.52
02/02/96, 1617.51
02/05/96, 1601.00
02/06/96, 1602.89
02/07/96, 1622.14
02/08/96, 1630.07
02/09/96, 1620.50
02/13/96, 1610.23
02/14/96, 1617.41
02/15/96, 1610.26
02/16/96, 1603.74
02/19/96, 1596.51
02/20/96, 1589.91
02/21/96, 1572.71
02/22/96, 1572.46
02/23/96, 1568.18
02/26/96, 1572.12
02/27/96, 1553.37
02/28/96, 1547.22
02/29/96, 1560.46
03/01/96, 1564.83
03/04/96, 1556.04
03/05/96, 1554.08
03/06/96, 1551.90
03/07/96, 1530.17
03/08/96, 1543.90
03/11/96, 1525.48
03/12/96, 1535.75
03/13/96, 1524.12
03/14/96, 1533.89
03/15/96, 1552.35
03/18/96, 1558.79
03/19/96, 1569.73
03/21/96, 1588.01
03/22/96, 1584.91
03/25/96, 1598.54
03/26/96, 1603.66
03/27/96, 1619.63
03/28/96, 1620.69
03/29/96, 1636.88
04/01/96, 1649.75
04/02/96, 1650.02
04/03/96, 1645.59
04/04/96, 1642.50
04/05/96, 1658.73
04/08/96, 1645.12
04/09/96, 1664.98
04/10/96, 1669.71
04/11/96, 1672.34
04/12/96, 1672.69
04/15/96, 1683.01
04/16/96, 1679.33
04/17/96, 1677.48
04/18/96, 1673.31
04/19/96, 1679.40
04/22/96, 1696.42
04/23/96, 1702.61
04/24/96, 1711.80
04/25/96, 1714.05
04/26/96, 1718.00
04/30/96, 1712.42
05/01/96, 1697.61
05/02/96, 1685.80
05/07/96, 1670.47
05/08/96, 1681.18
05/09/96, 1664.76
05/10/96, 1657.94
05/13/96, 1643.10
05/14/96, 1652.01
05/15/96, 1690.16
05/16/96, 1697.56
05/17/96, 1684.33
05/20/96, 1689.04
05/21/96, 1689.30
05/22/96, 1683.12
05/23/96, 1662.10
05/24/96, 1664.55
05/27/96, 1658.44
05/28/96, 1675.23
05/29/96, 1680.86
05/30/96, 1673.41
05/31/96, 1680.57
06/03/96, 1658.64
06/04/96, 1675.55
06/05/96, 1675.10
06/06/96, 1668.48
06/07/96, 1659.69
06/10/96, 1657.92
06/11/96, 1666.53
06/12/96, 1684.63
06/13/96, 1684.85
06/14/96, 1700.10
06/17/96, 1692.21
06/18/96, 1698.16
06/19/96, 1698.63
06/20/96, 1700.53
06/21/96, 1709.60
06/24/96, 1718.91
06/25/96, 1715.53
06/26/96, 1722.13
06/27/96, 1712.21
06/28/96, 1712.45
07/01/96, 1708.21
07/02/96, 1699.43
07/03/96, 1698.34
07/04/96, 1692.29
07/05/96, 1690.50
07/08/96, 1669.44
07/09/96, 1667.32
07/10/96, 1658.17
07/11/96, 1660.62
07/12/96, 1647.25
07/15/96, 1644.47
07/16/96, 1626.11
07/17/96, 1625.54
07/18/96, 1636.08
07/19/96, 1630.60
07/22/96, 1603.23
07/23/96, 1609.70
07/24/96, 1581.71
07/25/96, 1590.44
07/26/96, 1603.24
07/29/96, 1598.08
07/30/96, 1591.26
07/31/96, 1584.43
08/01/96, 1597.38
08/02/96, 1597.97
08/05/96, 1601.88
08/06/96, 1584.81
08/07/96, 1568.44
08/08/96, 1578.90
08/09/96, 1567.44
08/12/96, 1570.52
08/13/96, 1580.71
08/14/96, 1589.73
08/15/96, 1588.79
08/16/96, 1584.84
08/19/96, 1591.77
08/20/96, 1594.86
08/21/96, 1605.92
08/22/96, 1613.96
08/23/96, 1607.30
08/26/96, 1582.87
08/27/96, 1583.12
08/28/96, 1572.12
08/29/96, 1559.21
08/30/96, 1543.49
09/02/96, 1539.67
09/03/96, 1546.12
09/04/96, 1540.99
09/05/96, 1557.80
09/06/96, 1545.92
09/09/96, 1542.58
09/10/96, 1560.23
09/11/96, 1559.15
09/12/96, 1554.34
09/13/96, 1575.75
09/17/96, 1604.96
09/18/96, 1597.48
09/19/96, 1601.89
09/20/96, 1592.39
09/24/96, 1589.48
09/25/96, 1602.37
09/26/96, 1611.64
09/27/96, 1622.25
09/30/96, 1627.55
10/01/96, 1622.91
10/02/96, 1620.21
10/03/96, 1608.02
10/04/96, 1593.60
10/07/96, 1590.88
10/08/96, 1581.72
10/09/96, 1569.96
10/11/96, 1571.87
10/14/96, 1576.25
10/15/96, 1601.86
10/16/96, 1600.90
10/17/96, 1602.57
10/18/96, 1615.21
10/21/96, 1597.06
10/22/96, 1583.81
10/23/96, 1576.73
10/24/96, 1571.09
10/25/96, 1557.76
10/28/96, 1564.94
10/29/96, 1572.80
10/30/96, 1562.88
10/31/96, 1550.55
11/01/96, 1557.57
11/05/96, 1553.80
11/06/96, 1573.17
11/07/96, 1561.99
11/08/96, 1576.65
11/11/96, 1572.83
11/12/96, 1576.75
11/13/96, 1567.78
11/14/96, 1569.85
11/15/96, 1564.74
11/18/96, 1556.33
11/19/96, 1562.08
11/20/96, 1572.78
11/21/96, 1570.61
11/22/96, 1573.56
11/25/96, 1578.47
11/26/96, 1584.79
11/27/96, 1584.79
11/28/96, 1568.38
11/29/96, 1562.80
12/02/96, 1542.19
12/03/96, 1535.64
12/04/96, 1536.36
12/05/96, 1551.76
12/06/96, 1517.01
12/09/96, 1532.77
12/10/96, 1542.99
12/11/96, 1524.90
12/12/96, 1512.43
12/13/96, 1501.95
12/16/96, 1511.98
12/17/96, 1515.42
12/18/96, 1498.48
12/19/96, 1469.73
12/20/96, 1475.84
12/24/96, 1448.45
12/25/96, 1469.43
12/26/96, 1460.01
12/27/96, 1466.80
12/30/96, 1470.94
01/06/97, 1480.86
01/07/97, 1453.05
01/08/97, 1433.28
01/09/97, 1392.18
01/10/97, 1337.03
01/13/97, 1383.11
01/14/97, 1386.58
01/16/97, 1394.01
01/17/97, 1388.36
01/20/97, 1359.17
01/21/97, 1349.32
01/22/97, 1378.62
01/23/97, 1369.75
01/24/97, 1353.48
01/27/97, 1326.60
01/28/97, 1345.88
01/29/97, 1366.44
01/30/97, 1345.70
01/31/97, 1372.48
02/03/97, 1367.74
02/04/97, 1375.74
02/05/97, 1355.40
02/06/97, 1349.88
02/07/97, 1341.50
02/10/97, 1354.89
02/12/97, 1368.43
02/13/97, 1382.79
02/14/97, 1389.88
02/17/97, 1393.74
02/18/97, 1381.12
02/19/97, 1380.24
02/20/97, 1411.66
02/21/97, 1425.01
02/24/97, 1423.30
02/25/97, 1425.37
02/26/97, 1416.20
02/27/97, 1413.39
02/28/97, 1390.59
03/03/97, 1379.58
03/04/97, 1387.94
03/05/97, 1371.92
03/06/97, 1354.01
03/07/97, 1362.29
03/10/97, 1360.15
03/11/97, 1369.05
03/12/97, 1366.58
03/13/97, 1351.04
03/14/97, 1353.54
03/17/97, 1358.75
03/18/97, 1376.99
03/19/97, 1381.39
03/21/97, 1394.48
03/24/97, 1375.71
03/25/97, 1392.81
03/26/97, 1395.70
03/27/97, 1382.58
03/28/97, 1378.71
03/31/97, 1373.26
04/01/97, 1363.05
04/02/97, 1375.60
04/03/97, 1380.70
04/04/97, 1369.82
04/07/97, 1354.83
04/08/97, 1365.05
04/09/97, 1343.39
04/10/97, 1320.82
04/11/97, 1336.53
04/14/97, 1327.51
04/15/97, 1342.40
04/16/97, 1356.50
04/17/97, 1366.11
04/18/97, 1386.66
04/21/97, 1404.70
04/22/97, 1405.58
04/23/97, 1420.79
04/24/97, 1419.09
04/25/97, 1411.63
04/28/97, 1410.85
04/30/97, 1441.19
05/01/97, 1453.24
05/02/97, 1467.53
05/06/97, 1509.13
05/07/97, 1500.52
05/08/97, 1494.91
05/09/97, 1478.04
05/12/97, 1493.45
05/13/97, 1500.67
05/14/97, 1502.31
05/15/97, 1489.18
05/16/97, 1503.29
05/19/97, 1512.83
05/20/97, 1503.56
05/21/97, 1475.99
05/22/97, 1476.93
05/23/97, 1489.89
05/26/97, 1494.61
05/27/97, 1484.45
05/28/97, 1503.25
05/29/97, 1503.34
05/30/97, 1486.89
06/02/97, 1507.83
06/03/97, 1511.93
06/04/97, 1518.27
06/05/97, 1514.45
06/06/97, 1509.66
06/09/97, 1504.92
06/10/97, 1513.99
06/11/97, 1508.83
06/12/97, 1526.45
06/13/97, 1530.25
06/16/97, 1542.19
06/17/97, 1537.38
06/18/97, 1531.71
06/19/97, 1530.54
06/20/97, 1530.24
06/23/97, 1530.92
06/24/97, 1531.97
06/25/97, 1558.44
06/26/97, 1560.28
06/27/97, 1546.59
06/30/97, 1553.81
07/01/97, 1529.38
07/02/97, 1531.27
07/03/97, 1526.85
07/04/97, 1515.17
07/07/97, 1497.10
07/08/97, 1500.48
07/09/97, 1494.52
07/10/97, 1499.11
07/11/97, 1504.39
07/14/97, 1525.14
07/15/97, 1521.89
07/16/97, 1544.93
07/17/97, 1553.14
07/18/97, 1539.36
07/22/97, 1531.60
07/23/97, 1529.63
07/24/97, 1538.76
07/25/97, 1544.29
07/28/97, 1555.16
07/29/97, 1548.88
07/30/97, 1536.92
07/31/97, 1544.04
08/01/97, 1512.79
08/04/97, 1497.26
08/05/97, 1487.13
08/06/97, 1507.63
08/07/97, 1497.10
08/08/97, 1503.27
08/11/97, 1459.68
08/12/97, 1475.85
08/13/97, 1477.87
08/14/97, 1494.69
08/15/97, 1501.69
08/18/97, 1490.29
08/19/97, 1483.00
08/20/97, 1492.08
08/21/97, 1489.11
08/22/97, 1455.73
08/25/97, 1454.06
08/26/97, 1465.91
08/27/97, 1442.78
08/28/97, 1438.10
08/29/97, 1427.99
09/01/97, 1402.23
09/02/97, 1416.05
09/03/97, 1449.85
09/04/97, 1446.63
09/05/97, 1444.65
09/08/97, 1440.60
09/09/97, 1441.21
09/10/97, 1441.03
09/11/97, 1415.68
09/12/97, 1396.64
09/16/97, 1394.24
09/17/97, 1373.97
09/18/97, 1385.09
09/19/97, 1389.46
09/22/97, 1402.52
09/24/97, 1424.17
09/25/97, 1418.05
09/26/97, 1393.48
09/29/97, 1385.64
09/30/97, 1388.32
10/01/97, 1388.45
10/02/97, 1366.78
10/03/97, 1378.15
10/06/97, 1391.06
10/07/97, 1374.82
10/08/97, 1377.96
10/09/97, 1360.24
10/13/97, 1338.47
10/14/97, 1337.90
10/15/97, 1345.37
10/16/97, 1369.19
10/17/97, 1360.76
10/20/97, 1347.75
10/21/97, 1344.32
10/22/97, 1366.74
10/23/97, 1335.88
10/24/97, 1331.69
10/27/97, 1312.45
10/28/97, 1263.11
10/29/97, 1306.79
10/30/97, 1275.21
10/31/97, 1277.12
11/04/97, 1282.96
11/05/97, 1274.63
11/06/97, 1272.24
11/07/97, 1230.07
11/10/97, 1210.58
11/11/97, 1224.95
11/12/97, 1200.36
11/13/97, 1198.97
11/14/97, 1177.52
11/17/97, 1257.85
11/18/97, 1280.03
11/19/97, 1221.60
11/20/97, 1238.02
11/21/97, 1272.43
11/25/97, 1207.37
11/26/97, 1208.59
11/27/97, 1238.77
11/28/97, 1252.22
12/01/97, 1274.44
12/02/97, 1270.08
12/03/97, 1251.19
12/04/97, 1228.74
12/05/97, 1236.43
12/08/97, 1221.31
12/09/97, 1248.07
12/10/97, 1241.16
12/11/97, 1215.74
12/12/97, 1198.84
12/15/97, 1196.09
12/16/97, 1199.42
12/17/97, 1227.95
12/18/97, 1212.93
12/19/97, 1167.38
12/22/97, 1130.00
12/24/97, 1134.59
12/25/97, 1162.23
12/26/97, 1143.59
12/29/97, 1147.87
12/30/97, 1175.03
01/05/98, 1166.63
01/06/98, 1160.65
01/07/98, 1163.79
01/08/98, 1163.20
01/09/98, 1149.19
01/12/98, 1120.61
01/13/98, 1121.62
01/14/98, 1149.11
01/16/98, 1201.71
01/19/98, 1231.46
01/20/98, 1232.89
01/21/98, 1244.92
01/22/98, 1237.25
01/23/98, 1250.11
01/26/98, 1290.07
01/27/98, 1293.62
01/28/98, 1293.96
01/29/98, 1284.59
01/30/98, 1267.51
02/02/98, 1262.09
02/03/98, 1279.40
02/04/98, 1270.18
02/05/98, 1274.09
02/06/98, 1278.11
02/09/98, 1295.48
02/10/98, 1300.30
02/12/98, 1298.70
02/13/98, 1280.54
02/16/98, 1273.43
02/17/98, 1271.01
02/18/98, 1260.94
02/19/98, 1258.33
02/20/98, 1260.69
02/23/98, 1254.58
02/24/98, 1234.77
02/25/98, 1240.29
02/26/98, 1253.93
02/27/98, 1272.45
03/02/98, 1296.97
03/03/98, 1296.10
03/04/98, 1290.92
03/05/98, 1276.26
03/06/98, 1287.95
03/09/98, 1276.81
03/10/98, 1275.10
03/11/98, 1261.11
03/12/98, 1249.71
03/13/98, 1276.20
03/16/98, 1267.80
03/17/98, 1269.77
03/18/98, 1253.09
03/19/98, 1249.57
03/20/98, 1255.06
03/23/98, 1250.49
03/24/98, 1239.01
03/25/98, 1236.71
03/26/98, 1261.59
03/27/98, 1258.55
03/30/98, 1241.27
03/31/98, 1251.70
04/01/98, 1231.53
04/02/98, 1189.36
04/03/98, 1183.90
04/06/98, 1198.81
04/07/98, 1209.89
04/08/98, 1242.34
04/09/98, 1254.74
04/10/98, 1251.35
04/13/98, 1242.91
04/14/98, 1242.60
04/15/98, 1241.45
04/16/98, 1217.34
04/17/98, 1212.44
04/20/98, 1212.38
04/21/98, 1220.22
04/22/98, 1215.66
04/23/98, 1218.66
04/24/98, 1238.95
04/27/98, 1213.82
04/28/98, 1200.90
04/30/98, 1222.98
05/01/98, 1217.70
05/06/98, 1200.66
05/07/98, 1189.87
05/08/98, 1188.18
05/11/98, 1202.79
05/12/98, 1204.86
05/13/98, 1206.56
05/14/98, 1208.11
05/15/98, 1206.93
05/18/98, 1209.17
05/19/98, 1219.86
05/20/98, 1225.62
05/21/98, 1232.29
05/22/98, 1230.19
05/25/98, 1226.71
05/26/98, 1232.22
05/27/98, 1222.34
05/28/98, 1223.73
05/29/98, 1221.49
06/01/98, 1196.70
06/02/98, 1212.97
06/03/98, 1205.33
06/04/98, 1207.50
06/05/98, 1201.94
06/08/98, 1198.36
06/09/98, 1208.68
06/10/98, 1198.60
06/11/98, 1178.81
06/12/98, 1177.25
06/15/98, 1167.21
06/16/98, 1156.47
06/17/98, 1156.84
06/18/98, 1198.84
06/19/98, 1187.27
06/22/98, 1187.31
06/23/98, 1175.42
06/24/98, 1180.93
06/25/98, 1185.53
06/26/98, 1190.82
06/29/98, 1202.22
06/30/98, 1230.38
07/01/98, 1270.75
07/02/98, 1270.46
07/03/98, 1268.36
07/06/98, 1258.45
07/07/98, 1264.81
07/08/98, 1268.40
07/09/98, 1262.28
07/10/98, 1241.50
07/13/98, 1256.44
07/14/98, 1266.65
07/15/98, 1275.31
07/16/98, 1280.73
07/17/98, 1277.95
07/21/98, 1277.17
07/22/98, 1257.85
07/23/98, 1249.87
07/24/98, 1258.01
07/27/98, 1233.98
07/28/98, 1242.22
07/29/98, 1240.70
07/30/98, 1248.19
07/31/98, 1262.04
08/03/98, 1245.24
08/04/98, 1234.61
08/05/98, 1235.78
08/06/98, 1227.09
08/07/98, 1225.30
08/10/98, 1207.09
08/11/98, 1186.88
08/12/98, 1180.00
08/13/98, 1181.71
08/14/98, 1168.80
08/17/98, 1152.03
08/18/98, 1166.72
08/19/98, 1183.71
08/20/98, 1181.67
08/21/98, 1176.51
08/24/98, 1158.30
08/25/98, 1162.58
08/26/98, 1147.21
08/27/98, 1116.97
08/28/98, 1086.99
08/31/98, 1106.49
09/01/98, 1110.15
09/02/98, 1118.76
09/03/98, 1113.77
09/04/98, 1094.47
09/07/98, 1132.65
09/08/98, 1131.01
09/09/98, 1116.01
09/10/98, 1109.91
09/11/98, 1071.48
09/14/98, 1084.16
09/16/98, 1087.50
09/17/98, 1069.06
09/18/98, 1073.22
09/21/98, 1047.79
09/22/98, 1050.17
09/24/98, 1078.01
09/25/98, 1049.93
09/28/98, 1063.52
09/29/98, 1062.90
09/30/98, 1043.57
10/01/98, 1015.72
10/02/98, 1014.02
10/05/98, 996.69
10/06/98, 996.95
10/07/98, 1046.98
10/08/98, 1001.50
10/09/98, 982.50
10/12/98, 1023.34
10/13/98, 998.98
10/14/98, 984.18
10/15/98, 980.11
10/16/98, 1006.68
10/19/98, 1022.92
10/20/98, 1043.02
10/21/98, 1071.83
10/22/98, 1074.29
10/23/98, 1068.15
10/26/98, 1048.74
10/27/98, 1042.98
10/28/98, 1028.61
10/29/98, 1037.10
10/30/98, 1035.60
11/02/98, 1065.84
11/04/98, 1107.36
11/05/98, 1104.57
11/06/98, 1089.47
11/09/98, 1084.16
11/10/98, 1078.32
11/11/98, 1098.12
11/12/98, 1082.93
11/13/98, 1093.52
11/16/98, 1105.50
11/17/98, 1107.65
11/18/98, 1113.42
11/19/98, 1104.00
11/20/98, 1130.74
11/24/98, 1155.61
11/25/98, 1153.68
11/26/98, 1164.59
11/27/98, 1158.35
11/30/98, 1143.50
12/01/98, 1142.26
12/02/98, 1147.15
12/03/98, 1128.89
12/04/98, 1120.72
12/07/98, 1125.00
12/08/98, 1131.99
12/09/98, 1140.74
12/10/98, 1139.78
12/11/98, 1118.16
12/14/98, 1100.31
12/15/98, 1089.27
12/16/98, 1093.39
12/17/98, 1092.26
12/18/98, 1101.70
12/21/98, 1099.12
12/22/98, 1082.46
12/24/98, 1074.18
12/25/98, 1082.96
12/28/98, 1079.89
12/29/98, 1088.83
12/30/98, 1086.99
01/04/99, 1064.92
01/05/99, 1048.33
01/06/99, 1058.76
01/07/99, 1069.60
01/08/99, 1058.40
01/11/99, 1057.34
01/12/99, 1055.93
01/13/99, 1057.08
01/14/99, 1069.94
01/18/99, 1075.79
01/19/99, 1074.80
01/20/99, 1090.07
01/21/99, 1104.92
01/22/99, 1097.29
01/25/99, 1098.71
01/26/99, 1109.88
01/27/99, 1115.37
01/28/99, 1110.22
01/29/99, 1125.26
02/01/99, 1119.37
02/02/99, 1113.73
02/03/99, 1097.15
02/04/99, 1090.77
02/05/99, 1084.64
02/08/99, 1090.63
02/09/99, 1083.65
02/10/99, 1083.09
02/12/99, 1089.53
02/15/99, 1095.02
02/16/99, 1101.68
02/17/99, 1097.08
02/18/99, 1095.27
02/19/99, 1094.50
02/22/99, 1108.91
02/23/99, 1117.77
02/24/99, 1120.29
02/25/99, 1124.13
02/26/99, 1120.03
03/01/99, 1107.81
03/02/99, 1092.08
03/03/99, 1099.81
03/04/99, 1105.11
03/05/99, 1146.72
03/08/99, 1147.75
03/09/99, 1162.51
03/10/99, 1187.47
03/11/99, 1196.18
03/12/99, 1195.61
03/15/99, 1211.18
03/16/99, 1240.89
03/17/99, 1260.09
03/18/99, 1231.24
03/19/99, 1269.76
03/23/99, 1263.71
03/24/99, 1233.59
03/25/99, 1255.93
03/26/99, 1267.78
03/29/99, 1268.67
03/30/99, 1269.24
03/31/99, 1267.22
04/01/99, 1300.44
04/02/99, 1304.17
04/05/99, 1307.17
04/06/99, 1322.61
04/07/99, 1324.64
04/08/99, 1345.07
04/09/99, 1342.91
04/12/99, 1316.20
04/13/99, 1331.74
04/14/99, 1343.35
04/15/99, 1337.93
04/16/99, 1343.03
04/19/99, 1332.69
04/20/99, 1328.90
04/21/99, 1311.76
04/22/99, 1314.44
04/23/99, 1335.47
04/26/99, 1343.84
04/27/99, 1350.42
04/28/99, 1347.64
04/30/99, 1337.12
05/06/99, 1381.12
05/07/99, 1368.42
05/10/99, 1373.86
05/11/99, 1355.82
05/12/99, 1361.15
05/13/99, 1351.97
05/14/99, 1347.45
05/17/99, 1322.43
05/18/99, 1324.15
05/19/99, 1300.61
05/20/99, 1301.87
05/21/99, 1309.67
05/24/99, 1317.51
05/25/99, 1308.68
05/26/99, 1303.32
05/27/99, 1302.17
05/28/99, 1292.07
05/31/99, 1297.19
06/01/99, 1317.48
06/02/99, 1326.77
06/03/99, 1317.69
06/04/99, 1316.53
06/07/99, 1328.65
06/08/99, 1339.14
06/09/99, 1342.51
06/10/99, 1367.61
06/11/99, 1380.68
06/14/99, 1381.27
06/15/99, 1385.07
06/16/99, 1383.17
06/17/99, 1399.17
06/18/99, 1396.29
06/21/99, 1419.05
06/22/99, 1425.64
06/23/99, 1409.18
06/24/99, 1411.13
06/25/99, 1409.41
06/28/99, 1417.46
06/29/99, 1425.24
06/30/99, 1416.20
07/01/99, 1447.41
07/02/99, 1460.16
07/05/99, 1486.58
07/06/99, 1478.72
07/07/99, 1477.02
07/08/99, 1469.09
07/09/99, 1464.40
07/12/99, 1484.11
07/13/99, 1483.69
07/14/99, 1497.07
07/15/99, 1511.73
07/16/99, 1507.02
07/19/99, 1516.00
07/21/99, 1500.11
07/22/99, 1459.02
07/23/99, 1436.49
07/26/99, 1436.32
07/27/99, 1434.11
07/28/99, 1450.33
07/29/99, 1467.73
07/30/99, 1478.93
08/02/99, 1468.62
08/03/99, 1481.99
08/04/99, 1459.67
08/05/99, 1431.02
08/06/99, 1420.68
08/09/99, 1424.53
08/10/99, 1424.25
08/11/99, 1420.64
08/12/99, 1438.44
08/13/99, 1442.49
08/16/99, 1468.51
08/17/99, 1474.14
08/18/99, 1478.43
08/19/99, 1475.35
08/20/99, 1498.94
08/23/99, 1518.72
08/24/99, 1507.07
08/25/99, 1494.80
08/26/99, 1481.08
08/27/99, 1478.38
08/30/99, 1497.94
08/31/99, 1457.02
09/01/99, 1496.24
09/02/99, 1496.99
09/03/99, 1497.00
09/06/99, 1512.08
09/07/99, 1504.62
09/08/99, 1502.57
09/09/99, 1507.62
09/10/99, 1514.86
09/13/99, 1535.23
09/14/99, 1524.79
09/16/99, 1495.78
09/17/99, 1501.27
09/20/99, 1519.28
09/21/99, 1529.33
09/22/99, 1479.28
09/24/99, 1430.42
09/27/99, 1429.38
09/28/99, 1469.29
09/29/99, 1458.11
09/30/99, 1506.83
10/01/99, 1515.08
10/04/99, 1515.98
10/05/99, 1510.06
10/06/99, 1512.53
10/07/99, 1525.04
10/08/99, 1530.83
10/12/99, 1542.80
10/13/99, 1526.96
10/14/99, 1536.74
10/15/99, 1510.26
10/18/99, 1460.23
10/19/99, 1471.80
10/20/99, 1507.31
10/21/99, 1503.94
10/22/99, 1513.93
10/25/99, 1534.27
10/26/99, 1543.09
10/27/99, 1523.38
10/28/99, 1527.10
10/29/99, 1563.89
11/01/99, 1562.49
11/02/99, 1570.81
11/04/99, 1596.21
11/05/99, 1596.85
11/08/99, 1573.74
11/09/99, 1572.40
11/10/99, 1593.93
11/11/99, 1582.52
11/12/99, 1592.19
11/15/99, 1589.16
11/16/99, 1580.39
11/17/99, 1591.53
11/18/99, 1622.05
11/19/99, 1642.67
11/22/99, 1661.97
11/24/99, 1668.35
11/25/99, 1648.91
11/26/99, 1670.34
11/29/99, 1686.20
11/30/99, 1641.53
12/01/99, 1611.31
12/02/99, 1601.93
12/03/99, 1611.25
12/06/99, 1632.80
12/07/99, 1632.14
12/08/99, 1621.07
12/09/99, 1611.75
12/10/99, 1623.87
12/13/99, 1615.51
12/14/99, 1605.46
12/15/99, 1612.95
12/16/99, 1618.22
12/17/99, 1633.48
12/20/99, 1622.49
12/21/99, 1618.36
12/22/99, 1651.30
12/24/99, 1670.65
12/27/99, 1657.88
12/28/99, 1701.01
12/29/99, 1712.27
12/30/99, 1722.20
01/04/00, 1717.47
01/05/00, 1651.84
01/06/00, 1609.59
01/07/00, 1599.01
01/11/00, 1678.82
01/12/00, 1656.92
01/13/00, 1657.97
01/14/00, 1648.24
01/17/00, 1681.97
01/18/00, 1665.84
01/19/00, 1631.28
01/20/00, 1633.11
01/21/00, 1627.14
01/24/00, 1647.96
01/25/00, 1632.57
01/26/00, 1664.09
01/27/00, 1685.90
01/28/00, 1702.61
01/31/00, 1707.96
02/01/00, 1697.15
02/02/00, 1711.86
02/03/00, 1729.48
02/04/00, 1741.22
02/07/00, 1754.78
02/08/00, 1737.55
02/09/00, 1747.83
02/10/00, 1729.47
02/14/00, 1717.41
02/15/00, 1690.14
02/16/00, 1691.12
02/17/00, 1717.11
02/18/00, 1719.77
02/21/00, 1680.72
02/22/00, 1644.59
02/23/00, 1667.24
02/24/00, 1690.05
02/25/00, 1724.50
02/28/00, 1728.44
02/29/00, 1718.94
03/01/00, 1725.24
03/02/00, 1718.48
03/03/00, 1686.49
03/06/00, 1649.83
03/07/00, 1665.53
03/08/00, 1661.14
03/09/00, 1643.77
03/10/00, 1633.30
03/13/00, 1558.15
03/14/00, 1581.97
03/15/00, 1605.43
03/16/00, 1645.57
03/17/00, 1674.22
03/21/00, 1672.55
03/22/00, 1658.32
03/23/00, 1651.55
03/24/00, 1640.60
03/27/00, 1653.83
03/28/00, 1680.76
03/29/00, 1732.84
03/30/00, 1712.45
03/31/00, 1705.94
04/03/00, 1732.45
04/04/00, 1714.29
04/05/00, 1695.05
04/06/00, 1657.68
04/07/00, 1677.62
04/10/00, 1716.74
04/11/00, 1701.09
04/12/00, 1706.34
04/13/00, 1664.02
04/14/00, 1653.70
04/17/00, 1552.46
04/18/00, 1596.40
04/19/00, 1619.82
04/20/00, 1629.00
04/21/00, 1634.12
04/24/00, 1660.81
04/25/00, 1665.28
04/26/00, 1667.89
04/27/00, 1644.22
04/28/00, 1648.87
05/01/00, 1695.23
05/02/00, 1702.58
05/08/00, 1696.52
05/09/00, 1669.14
05/10/00, 1659.86
05/11/00, 1600.73
05/12/00, 1630.49
05/15/00, 1627.35
05/16/00, 1643.07
05/17/00, 1636.45
05/18/00, 1606.14
05/19/00, 1578.37
05/22/00, 1522.49
05/23/00, 1519.84
05/24/00, 1504.93
05/25/00, 1523.96
05/26/00, 1518.78
05/29/00, 1525.00
05/30/00, 1518.43
05/31/00, 1522.84
06/01/00, 1541.98
06/02/00, 1556.45
06/05/00, 1595.44
06/06/00, 1588.66
06/07/00, 1588.49
06/08/00, 1586.17
06/09/00, 1586.81
06/12/00, 1585.83
06/13/00, 1570.68
06/14/00, 1544.65
06/15/00, 1507.43
06/16/00, 1508.44
06/19/00, 1533.88
06/20/00, 1559.79
06/21/00, 1583.95
06/22/00, 1575.63
06/23/00, 1557.60
06/26/00, 1546.98
06/27/00, 1574.34
06/28/00, 1578.44
06/29/00, 1594.66
06/30/00, 1591.60
07/03/00, 1603.51
07/04/00, 1606.94
07/05/00, 1601.18
07/06/00, 1590.63
07/07/00, 1597.36
07/10/00, 1613.89
07/11/00, 1610.96
07/12/00, 1604.40
07/13/00, 1574.16
07/14/00, 1579.86
07/17/00, 1576.04
07/18/00, 1541.95
07/19/00, 1539.67
07/21/00, 1523.43
07/24/00, 1504.81
07/25/00, 1502.45
07/26/00, 1504.53
07/27/00, 1477.83
07/28/00, 1452.93
07/31/00, 1453.15
08/01/00, 1479.84
08/02/00, 1482.60
08/03/00, 1460.47
08/04/00, 1450.88
08/07/00, 1476.86
08/08/00, 1468.62
08/09/00, 1481.19
08/10/00, 1480.93
08/11/00, 1490.89
08/14/00, 1493.43
08/15/00, 1500.31
08/16/00, 1495.44
08/17/00, 1476.15
08/18/00, 1487.68
08/21/00, 1473.45
08/22/00, 1494.78
08/23/00, 1499.49
08/24/00, 1511.24
08/25/00, 1531.28
08/28/00, 1543.63
08/29/00, 1539.69
08/30/00, 1518.85
08/31/00, 1511.44
09/01/00, 1507.48
09/04/00, 1502.40
09/05/00, 1491.04
09/06/00, 1484.24
09/07/00, 1486.29
09/08/00, 1509.88
09/11/00, 1477.27
09/12/00, 1470.94
09/13/00, 1483.05
09/14/00, 1483.59
09/18/00, 1481.04
09/19/00, 1490.63
09/20/00, 1520.65
09/21/00, 1513.71
09/22/00, 1466.93
09/25/00, 1478.24
09/26/00, 1473.52
09/27/00, 1448.11
09/28/00, 1439.43
09/29/00, 1470.78
10/02/00, 1491.68
10/03/00, 1500.71
10/04/00, 1512.20
10/05/00, 1507.43
10/06/00, 1503.02
10/10/00, 1482.57
10/11/00, 1459.75
10/12/00, 1454.05
10/13/00, 1440.40
10/16/00, 1451.42
10/17/00, 1438.16
10/18/00, 1407.26
10/19/00, 1405.44
10/20/00, 1434.26
10/23/00, 1422.84
10/24/00, 1418.41
10/25/00, 1407.18
10/26/00, 1407.96
10/27/00, 1400.27
10/30/00, 1385.24
10/31/00, 1379.96
11/01/00, 1418.45
11/02/00, 1424.51
11/06/00, 1455.28
11/07/00, 1452.66
11/08/00, 1453.64
11/09/00, 1427.45
11/10/00, 1417.02
11/13/00, 1395.71
11/14/00, 1389.17
11/15/00, 1402.05
11/16/00, 1380.28
11/17/00, 1379.63
11/20/00, 1370.96
11/21/00, 1357.93
11/22/00, 1346.58
11/24/00, 1341.82
11/27/00, 1360.45
11/28/00, 1362.38
11/29/00, 1349.08
11/30/00, 1362.66
12/01/00, 1381.46
12/04/00, 1385.96
12/05/00, 1366.66
12/06/00, 1381.05
12/07/00, 1368.17
12/08/00, 1365.48
12/11/00, 1385.74
12/12/00, 1393.67
12/13/00, 1392.90
12/14/00, 1372.23
12/15/00, 1351.34
12/18/00, 1343.11
12/19/00, 1314.63
12/20/00, 1289.31
12/21/00, 1255.16
12/22/00, 1260.88
12/25/00, 1297.81
12/26/00, 1297.64
12/27/00, 1293.95
12/28/00, 1291.65
12/29/00, 1283.67
01/04/01, 1280.94
01/05/01, 1297.02
01/09/01, 1271.37
01/10/01, 1254.09
01/11/01, 1230.10
01/12/01, 1237.88
01/15/01, 1248.64
01/16/01, 1267.48
01/17/01, 1280.39
01/18/01, 1311.01
01/19/01, 1312.79
01/22/01, 1313.01
01/23/01, 1308.09
01/24/01, 1304.07
01/25/01, 1300.39
01/26/01, 1294.44
01/29/01, 1298.23
01/30/01, 1298.54
01/31/01, 1300.23
02/01/01, 1299.01
02/02/01, 1287.69
02/05/01, 1262.58
02/06/01, 1256.66
02/07/01, 1267.47
02/08/01, 1249.67
02/09/01, 1266.00
02/13/01, 1259.67
02/14/01, 1255.21
02/15/01, 1259.60
02/16/01, 1248.29
02/19/01, 1237.80
02/20/01, 1249.01
02/21/01, 1240.79
02/22/01, 1242.09
02/23/01, 1257.62
02/26/01, 1264.97
02/27/01, 1254.89
02/28/01, 1241.48
03/01/01, 1227.27
03/02/01, 1199.84
03/05/01, 1193.74
03/06/01, 1221.95
03/07/01, 1236.14
03/08/01, 1236.20
03/09/01, 1237.76
03/12/01, 1205.98
03/13/01, 1170.58
03/14/01, 1161.97
03/15/01, 1183.79
03/16/01, 1197.47
03/19/01, 1199.61
03/21/01, 1275.41
03/22/01, 1259.19
03/23/01, 1281.60
03/26/01, 1337.63
03/27/01, 1329.67
03/28/01, 1337.29
03/29/01, 1285.20
03/30/01, 1277.27
04/02/01, 1268.38
04/03/01, 1293.96
04/04/01, 1304.37
04/05/01, 1317.83
04/06/01, 1313.76
04/09/01, 1282.43
04/10/01, 1263.65
04/11/01, 1290.73
04/12/01, 1301.33
04/13/01, 1299.20
04/16/01, 1294.13
04/17/01, 1285.53
04/18/01, 1320.41
04/19/01, 1337.92
04/20/01, 1330.06
04/23/01, 1331.31
04/24/01, 1328.00
04/25/01, 1341.40
04/26/01, 1359.29
04/27/01, 1366.46
05/01/01, 1411.69
05/02/01, 1424.24
05/07/01, 1440.97
05/08/01, 1410.76
05/09/01, 1392.33
05/10/01, 1381.25
05/11/01, 1376.76
05/14/01, 1364.25
05/15/01, 1378.84
05/16/01, 1357.03
05/17/01, 1376.94
05/18/01, 1371.57
05/21/01, 1383.39
05/22/01, 1379.76
05/23/01, 1375.23
05/24/01, 1365.88
05/25/01, 1359.98
05/28/01, 1349.77
05/29/01, 1355.63
05/30/01, 1329.73
05/31/01, 1310.81
06/01/01, 1310.09
06/04/01, 1314.17
06/05/01, 1307.55
06/06/01, 1307.52
06/07/01, 1311.63
06/08/01, 1318.09
06/11/01, 1309.75
06/12/01, 1273.21
06/13/01, 1272.73
06/14/01, 1271.83
06/15/01, 1265.32
06/18/01, 1259.65
06/19/01, 1254.19
06/20/01, 1257.13
06/21/01, 1288.49
06/22/01, 1305.06
06/25/01, 1291.38
06/26/01, 1295.93
06/27/01, 1288.37
06/28/01, 1278.75
06/29/01, 1300.98
07/02/01, 1286.92
07/03/01, 1293.42
07/04/01, 1278.00
07/05/01, 1274.69
07/06/01, 1253.56
07/09/01, 1237.90
07/10/01, 1249.34
07/11/01, 1227.57
07/12/01, 1248.63
07/13/01, 1244.02
07/16/01, 1242.21
07/17/01, 1223.91
07/18/01, 1199.67
07/19/01, 1195.25
07/23/01, 1163.76
07/24/01, 1179.86
07/25/01, 1189.11
07/26/01, 1192.25
07/27/01, 1184.23
07/30/01, 1168.51
07/31/01, 1190.31
08/01/01, 1206.85
08/02/01, 1235.26
08/03/01, 1219.92
08/06/01, 1218.64
08/07/01, 1224.38
08/08/01, 1217.92
08/09/01, 1184.94
08/10/01, 1182.49
08/13/01, 1167.09
08/14/01, 1198.86
08/15/01, 1194.33
08/16/01, 1175.07
08/17/01, 1169.81
08/20/01, 1155.15
08/21/01, 1158.82
08/22/01, 1165.54
08/23/01, 1147.39
08/24/01, 1145.34
08/27/01, 1155.17
08/28/01, 1150.25
08/29/01, 1126.86
08/30/01, 1114.58
08/31/01, 1103.67
09/03/01, 1071.73
09/04/01, 1100.13
09/05/01, 1087.72
09/06/01, 1090.74
09/07/01, 1080.83
09/10/01, 1055.98
09/11/01, 1058.12
09/12/01, 990.80
09/13/01, 1003.51
09/14/01, 1033.81
09/17/01, 996.45
09/18/01, 1013.09
09/19/01, 1038.06
09/20/01, 1024.92
09/21/01, 998.20
09/25/01, 1009.30
09/26/01, 998.28
09/27/01, 1003.78
09/28/01, 1023.42
10/01/01, 1047.03
10/02/01, 1067.63
10/03/01, 1050.35
10/04/01, 1071.19
10/05/01, 1070.45
10/09/01, 1043.00
10/10/01, 1031.17
10/11/01, 1064.66
10/12/01, 1087.48
10/15/01, 1071.78
10/16/01, 1078.16
10/17/01, 1087.60
10/18/01, 1068.48
10/19/01, 1070.65
10/22/01, 1072.98
10/23/01, 1095.74
10/24/01, 1100.22
10/25/01, 1107.83
10/26/01, 1101.22
10/29/01, 1082.65
10/30/01, 1067.76
10/31/01, 1059.37
11/01/01, 1055.88
11/02/01, 1053.68
11/05/01, 1054.04
11/06/01, 1063.56
11/07/01, 1038.52
11/08/01, 1046.45
11/09/01, 1030.78
11/12/01, 1021.11
11/13/01, 1016.48
11/14/01, 1019.10
11/15/01, 1044.56
11/16/01, 1053.03
11/19/01, 1064.99
11/20/01, 1055.58
11/21/01, 1058.64
11/22/01, 1062.47
11/26/01, 1088.77
11/27/01, 1079.59
11/28/01, 1053.29
11/29/01, 1048.50
11/30/01, 1050.22
12/03/01, 1029.41
12/04/01, 1028.50
12/05/01, 1047.34
12/06/01, 1058.03
12/07/01, 1045.69
12/10/01, 1023.34
12/11/01, 1014.69
12/12/01, 1036.17
12/13/01, 1012.93
12/14/01, 1006.76
12/17/01, 988.98
12/18/01, 992.61
12/19/01, 996.66
12/20/01, 1012.47
12/21/01, 1007.52
12/25/01, 1002.82
12/26/01, 994.01
12/27/01, 1013.73
12/28/01, 1032.14
01/04/02, 1053.96
01/07/02, 1055.14
01/08/02, 1031.77
01/09/02, 1025.01
01/10/02, 1010.17
01/11/02, 999.94
01/15/02, 980.32
01/16/02, 987.61
01/17/02, 984.90
01/18/02, 1007.64
01/21/02, 1005.83
01/22/02, 985.13
01/23/02, 975.20
01/24/02, 980.44
01/25/02, 985.84
01/28/02, 997.04
01/29/02, 978.74
01/30/02, 964.75
01/31/02, 971.77
02/01/02, 956.26
02/04/02, 943.51
02/05/02, 926.27
02/06/02, 922.51
02/07/02, 941.24
02/08/02, 949.97
02/12/02, 974.10
02/13/02, 983.18
02/14/02, 984.04
02/15/02, 982.50
02/18/02, 981.68
02/19/02, 959.96
02/20/02, 956.91
02/21/02, 988.89
02/22/02, 989.19
02/25/02, 987.12
02/26/02, 983.82
02/27/02, 1007.18
02/28/02, 1013.80
03/01/02, 1030.17
03/04/02, 1079.04
03/05/02, 1075.31
03/06/02, 1073.36
03/07/02, 1098.33
03/08/02, 1108.13
03/11/02, 1125.43
03/12/02, 1098.56
03/13/02, 1075.70
03/14/02, 1083.88
03/15/02, 1097.24
03/18/02, 1088.14
03/19/02, 1112.79
03/20/02, 1097.85
03/22/02, 1076.63
03/25/02, 1073.20
03/26/02, 1064.15
03/27/02, 1077.32
03/28/02, 1082.43
03/29/02, 1060.19
04/01/02, 1053.46
04/02/02, 1068.69
04/03/02, 1084.36
04/04/02, 1091.63
04/05/02, 1087.71
04/08/02, 1090.16
04/09/02, 1071.66
04/10/02, 1078.09
04/11/02, 1069.07
04/12/02, 1056.29
04/15/02, 1065.51
04/16/02, 1078.15
04/17/02, 1089.60
04/18/02, 1095.29
04/19/02, 1092.30
04/22/02, 1105.91
04/23/02, 1104.50
04/24/02, 1098.72
04/25/02, 1098.32
04/26/02, 1087.23
04/30/02, 1082.06
05/01/02, 1086.91
05/02/02, 1086.50
05/07/02, 1074.12
05/08/02, 1081.76
05/09/02, 1090.91
05/10/02, 1085.96
05/13/02, 1074.79
05/14/02, 1071.89
05/15/02, 1087.00
05/16/02, 1105.16
05/17/02, 1108.54
05/20/02, 1117.13
05/21/02, 1116.36
05/22/02, 1129.67
05/23/02, 1136.88
05/24/02, 1139.43
05/27/02, 1131.93
05/28/02, 1131.14
05/29/02, 1125.75
05/30/02, 1121.30
05/31/02, 1120.08
06/03/02, 1132.22
06/04/02, 1117.94
06/05/02, 1116.27
06/06/02, 1108.08
06/07/02, 1101.87
06/10/02, 1093.03
06/11/02, 1101.31
06/12/02, 1093.68
06/13/02, 1074.52
06/14/02, 1054.26
06/17/02, 1025.70
06/18/02, 1041.40
06/19/02, 1012.22
06/20/02, 1022.97
06/21/02, 1002.35
06/24/02, 1013.23
06/25/02, 1016.43
06/26/02, 984.28
06/27/02, 994.05
06/28/02, 1024.89
07/01/02, 1028.63
07/02/02, 1029.05
07/03/02, 1044.21
07/04/02, 1033.31
07/05/02, 1042.95
07/08/02, 1033.99
07/09/02, 1050.14
07/10/02, 1037.26
07/11/02, 1017.17
07/12/02, 1019.51
07/15/02, 1000.48
07/16/02, 984.53
07/17/02, 988.10
07/18/02, 1010.12
07/19/02, 989.71
07/22/02, 991.44
07/23/02, 992.83
07/24/02, 976.63
07/25/02, 967.99
07/26/02, 943.07
07/29/02, 951.91
07/30/02, 974.96
07/31/02, 965.00
08/01/02, 958.59
08/02/02, 955.81
08/05/02, 955.36
08/06/02, 939.42
08/07/02, 962.28
08/08/02, 959.98
08/09/02, 980.79
08/12/02, 959.90
08/13/02, 954.88
08/14/02, 952.55
08/15/02, 961.74
08/16/02, 961.12
08/19/02, 944.41
08/20/02, 945.63
08/21/02, 947.37
08/22/02, 961.01
08/23/02, 963.28
08/26/02, 981.22
08/27/02, 962.84
08/28/02, 953.92
08/29/02, 937.67
08/30/02, 941.64
09/02/02, 930.36
09/03/02, 904.24
09/04/02, 886.39
09/05/02, 904.05
09/06/02, 894.33
09/09/02, 907.85
09/10/02, 912.61
09/11/02, 917.10
09/12/02, 920.63
09/13/02, 908.41
09/17/02, 932.42
09/18/02, 927.79
09/19/02, 943.16
09/20/02, 926.78
09/24/02, 916.04
09/25/02, 900.85
09/26/02, 913.95
09/27/02, 936.22
09/30/02, 921.05
10/01/02, 903.37
10/02/02, 893.23
10/03/02, 883.59
10/04/02, 891.60
10/07/02, 860.47
10/08/02, 860.79
10/09/02, 844.29
10/10/02, 835.61
10/11/02, 848.43
10/15/02, 876.57
10/16/02, 881.45
10/17/02, 884.46
10/18/02, 893.95
10/21/02, 889.08
10/22/02, 862.54
10/23/02, 866.14
10/24/02, 859.45
10/25/02, 871.89
10/28/02, 872.13
10/29/02, 862.73
10/30/02, 870.23
10/31/02, 862.24
11/01/02, 866.89
11/05/02, 885.34
11/06/02, 883.23
11/07/02, 880.57
11/08/02, 862.49
11/11/02, 837.19
11/12/02, 839.62
11/13/02, 836.43
11/14/02, 823.89
11/15/02, 839.34
11/18/02, 823.84
11/19/02, 817.09
11/20/02, 830.82
11/21/02, 847.85
11/22/02, 859.05
11/25/02, 874.39
11/26/02, 864.00
11/27/02, 869.26
11/28/02, 888.12
11/29/02, 892.71
12/02/02, 888.30
12/03/02, 890.76
12/04/02, 874.66
12/05/02, 866.86
12/06/02, 860.65
12/09/02, 854.90
12/10/02, 856.48
12/11/02, 851.93
12/12/02, 851.32
12/13/02, 835.77
12/16/02, 827.82
12/17/02, 831.92
12/18/02, 815.74
12/19/02, 822.89
12/20/02, 822.46
12/24/02, 829.81
12/25/02, 827.00
12/26/02, 842.96
12/27/02, 849.25
12/30/02, 843.29
01/06/03, 860.07
01/07/03, 853.93
01/08/03, 839.55
01/09/03, 839.33
01/10/03, 837.70
01/14/03, 845.90
01/15/03, 855.66
01/16/03, 856.30
01/17/03, 859.25
01/20/03, 853.90
01/21/03, 863.64
01/22/03, 854.06
01/23/03, 865.43
01/24/03, 861.36
01/27/03, 850.03
01/28/03, 841.12
01/29/03, 825.72
01/30/03, 825.16
01/31/03, 821.18
02/03/03, 837.70
02/04/03, 844.26
02/05/03, 845.29
02/06/03, 839.95
02/07/03, 839.11
02/10/03, 842.69
02/12/03, 857.23
02/13/03, 853.01
02/14/03, 858.05
02/17/03, 861.70
02/18/03, 856.70
02/19/03, 853.59
02/20/03, 849.35
02/21/03, 840.11
02/24/03, 838.96
02/25/03, 819.18
02/26/03, 818.38
02/27/03, 819.20
02/28/03, 818.73
03/03/03, 825.63
03/04/03, 828.05
03/05/03, 822.81
03/06/03, 816.22
03/07/03, 796.17
03/10/03, 784.52
03/11/03, 770.62
03/12/03, 782.36
03/13/03, 778.52
03/14/03, 786.06
03/17/03, 777.21
03/18/03, 783.56
03/19/03, 789.08
03/20/03, 807.48
03/24/03, 831.43
03/25/03, 812.29
03/26/03, 821.43
03/27/03, 823.46
03/28/03, 817.92
03/31/03, 788.00
04/01/03, 788.96
04/02/03, 797.56
04/03/03, 793.68
04/04/03, 795.55
04/07/03, 810.58
04/08/03, 802.62
04/09/03, 801.17
04/10/03, 792.42
04/11/03, 782.25
04/14/03, 775.61
04/15/03, 788.24
04/16/03, 788.96
04/17/03, 789.50
04/18/03, 790.72
04/21/03, 801.79
04/22/03, 787.49
04/23/03, 789.35
04/24/03, 794.45
04/25/03, 782.03
04/28/03, 773.10
04/30/03, 796.56
05/01/03, 799.31
05/02/03, 804.62
05/06/03, 821.41
05/07/03, 822.85
05/08/03, 814.74
05/09/03, 823.52
05/12/03, 829.26
05/13/03, 829.20
05/14/03, 832.00
05/15/03, 820.08
05/16/03, 819.17
05/19/03, 810.49
05/20/03, 814.25
05/21/03, 809.80
05/22/03, 816.06
05/23/03, 826.18
05/26/03, 826.97
05/27/03, 814.86
05/28/03, 822.31
05/29/03, 834.12
05/30/03, 837.70
06/02/03, 846.55
06/03/03, 849.42
06/04/03, 850.94
06/05/03, 859.21
06/06/03, 869.61
06/09/03, 874.36
06/10/03, 869.56
06/11/03, 874.70
06/12/03, 875.71
06/13/03, 881.30
06/16/03, 872.53
06/17/03, 885.18
06/18/03, 893.58
06/19/03, 895.65
06/20/03, 898.73
06/23/03, 904.32
06/24/03, 882.83
06/25/03, 884.53
06/26/03, 887.86
06/27/03, 903.06
06/30/03, 903.44
07/01/03, 916.26
07/02/03, 945.24
07/03/03, 952.44
07/04/03, 948.67
07/07/03, 967.04
07/08/03, 976.30
07/09/03, 979.38
07/10/03, 974.14
07/11/03, 945.78
07/14/03, 954.03
07/15/03, 954.83
07/16/03, 949.27
07/17/03, 929.59
07/18/03, 933.10
07/22/03, 928.18
07/23/03, 941.26
07/24/03, 945.27
07/25/03, 945.28
07/28/03, 959.69
07/29/03, 958.18
07/30/03, 944.31
07/31/03, 939.40
08/01/03, 942.41
08/04/03, 934.52
08/05/03, 925.47
08/06/03, 922.57
08/07/03, 915.91
08/08/03, 917.47
08/11/03, 928.52
08/12/03, 934.59
08/13/03, 951.76
08/14/03, 965.94
08/15/03, 964.78
08/18/03, 976.00
08/19/03, 990.64
08/20/03, 1001.08
08/21/03, 1009.58
08/22/03, 1004.20
08/25/03, 997.80
08/26/03, 1001.74
08/27/03, 1000.67
08/28/03, 993.51
08/29/03, 1002.01
09/01/03, 1027.01
09/02/03, 1028.91
09/03/03, 1033.28
09/04/03, 1030.23
09/05/03, 1026.21
09/08/03, 1027.94
09/09/03, 1045.71
09/10/03, 1043.98
09/11/03, 1023.93
09/12/03, 1042.64
09/16/03, 1062.07
09/17/03, 1072.57
09/18/03, 1075.73
09/19/03, 1070.03
09/22/03, 1043.20
09/24/03, 1043.66
09/25/03, 1017.39
09/26/03, 1021.06
09/29/03, 1010.82
09/30/03, 1018.80
10/01/03, 1029.94
10/02/03, 1057.24
10/03/03, 1066.86
10/06/03, 1068.84
10/07/03, 1075.01
10/08/03, 1054.75
10/09/03, 1057.54
10/10/03, 1073.88
10/14/03, 1087.31
10/15/03, 1080.30
10/16/03, 1090.85
10/17/03, 1094.59
10/20/03, 1105.59
10/21/03, 1093.31
10/22/03, 1073.75
10/23/03, 1017.03
10/24/03, 1024.99
10/27/03, 1032.88
10/28/03, 1045.18
10/29/03, 1057.14
10/30/03, 1053.85
10/31/03, 1043.36
11/04/03, 1070.01
11/05/03, 1063.31
11/06/03, 1035.57
11/07/03, 1045.15
11/10/03, 1033.37
11/11/03, 1007.31
11/12/03, 1006.16
11/13/03, 1018.50
11/14/03, 1006.77
11/17/03, 971.89
11/18/03, 973.44
11/19/03, 953.19
11/20/03, 971.69
11/21/03, 974.45
11/25/03, 988.11
11/26/03, 1002.02
11/27/03, 1006.11
11/28/03, 999.75
12/01/03, 1020.52
12/02/03, 1023.50
12/03/03, 1016.07
12/04/03, 1023.43
12/05/03, 1019.42
12/08/03, 995.28
12/09/03, 997.39
12/10/03, 980.58
12/11/03, 990.93
12/12/03, 998.70
12/15/03, 1022.95
12/16/03, 1004.82
12/17/03, 989.95
12/18/03, 995.57
12/19/03, 1008.61
12/22/03, 1015.26
12/24/03, 1011.96
12/25/03, 1012.93
12/26/03, 1018.47
12/29/03, 1026.24
12/30/03, 1043.69
01/05/04, 1058.99
01/06/04, 1055.50
01/07/04, 1051.59
01/08/04, 1056.92
01/09/04, 1065.78
01/13/04, 1058.40
01/14/04, 1057.95
01/15/04, 1044.57
01/16/04, 1058.97
01/19/04, 1072.17
01/20/04, 1075.94
01/21/04, 1070.35
01/22/04, 1074.45
01/23/04, 1076.93
01/26/04, 1068.85
01/27/04, 1063.36
01/28/04, 1058.15
01/29/04, 1050.13
01/30/04, 1047.51
02/02/04, 1049.46
02/03/04, 1043.28
02/04/04, 1022.61
02/05/04, 1025.48
02/06/04, 1028.83
02/09/04, 1024.77
02/10/04, 1025.25
02/12/04, 1030.91
02/13/04, 1041.03
02/16/04, 1045.02
02/17/04, 1054.61
02/18/04, 1052.98
02/19/04, 1059.51
02/20/04, 1058.76
02/23/04, 1068.02
02/24/04, 1048.88
02/25/04, 1046.40
02/26/04, 1060.03
02/27/04, 1082.47
03/01/04, 1107.60
03/02/04, 1116.75
03/03/04, 1116.01
03/04/04, 1120.67
03/05/04, 1131.01
03/08/04, 1132.03
03/09/04, 1134.34
03/10/04, 1128.40
03/11/04, 1120.34
03/12/04, 1107.37
03/15/04, 1124.92
03/16/04, 1120.96
03/17/04, 1141.71
03/18/04, 1145.71
03/19/04, 1138.09
03/22/04, 1131.50
03/23/04, 1132.55
03/24/04, 1145.95
03/25/04, 1160.00
03/26/04, 1176.32
03/29/04, 1179.17
03/30/04, 1175.51
03/31/04, 1179.23
04/01/04, 1175.01
04/02/04, 1184.20
04/05/04, 1199.24
04/06/04, 1209.44
04/07/04, 1204.81
04/08/04, 1209.89
04/09/04, 1190.86
04/12/04, 1206.57
04/13/04, 1216.60
04/14/04, 1217.87
04/15/04, 1194.67
04/16/04, 1196.18
04/19/04, 1182.97
04/20/04, 1204.37
04/21/04, 1203.59
04/22/04, 1205.80
04/23/04, 1209.62
04/26/04, 1210.96
04/27/04, 1204.94
04/28/04, 1206.92
04/30/04, 1186.31
05/06/04, 1165.24
05/07/04, 1150.89
05/10/04, 1085.54
05/11/04, 1088.89
05/12/04, 1122.31
05/13/04, 1095.93
05/14/04, 1091.51
05/17/04, 1053.77
05/18/04, 1076.21
05/19/04, 1106.16
05/20/04, 1104.89
05/21/04, 1125.21
05/24/04, 1130.89
05/25/04, 1115.66
05/26/04, 1127.24
05/27/04, 1126.64
05/28/04, 1142.38
05/31/04, 1139.94
06/01/04, 1144.27
06/02/04, 1136.87
06/03/04, 1119.56
06/04/04, 1124.97
06/07/04, 1151.67
06/08/04, 1157.92
06/09/04, 1152.77
06/10/04, 1162.06
06/11/04, 1160.30
06/14/04, 1158.54
06/15/04, 1151.30
06/16/04, 1167.09
06/17/04, 1166.78
06/18/04, 1149.88
06/21/04, 1165.25
06/22/04, 1162.31
06/23/04, 1156.16
06/24/04, 1168.96
06/25/04, 1172.44
06/28/04, 1186.60
06/29/04, 1187.01
06/30/04, 1189.60
07/01/04, 1188.42
07/02/04, 1173.55
07/05/04, 1156.53
07/06/04, 1148.99
07/07/04, 1139.88
07/08/04, 1135.00
07/09/04, 1146.92
07/12/04, 1161.68
07/13/04, 1166.47
07/14/04, 1151.49
07/15/04, 1151.12
07/16/04, 1151.16
07/20/04, 1139.53
07/21/04, 1153.76
07/22/04, 1144.31
07/23/04, 1135.29
07/26/04, 1126.93
07/27/04, 1114.39
07/28/04, 1129.64
07/29/04, 1121.98
07/30/04, 1139.30
08/02/04, 1135.64
08/03/04, 1127.03
08/04/04, 1114.76
08/05/04, 1116.85
08/06/04, 1107.12
08/09/04, 1101.57
08/10/04, 1105.02
08/11/04, 1121.11
08/12/04, 1117.22
08/13/04, 1096.81
08/16/04, 1084.64
08/17/04, 1089.93
08/18/04, 1094.88
08/19/04, 1107.48
08/20/04, 1109.84
08/23/04, 1114.24
08/24/04, 1116.60
08/25/04, 1128.92
08/26/04, 1130.06
08/27/04, 1137.78
08/30/04, 1138.02
08/31/04, 1129.55
09/01/04, 1135.62
09/02/04, 1137.59
09/03/04, 1124.65
09/06/04, 1143.04
09/07/04, 1144.70
09/08/04, 1144.13
09/09/04, 1133.12
09/10/04, 1126.36
09/13/04, 1138.84
09/14/04, 1141.70
09/15/04, 1128.43
09/16/04, 1122.01
09/17/04, 1118.55
09/21/04, 1116.02
09/22/04, 1114.08
09/24/04, 1102.37
09/27/04, 1095.24
09/28/04, 1090.37
09/29/04, 1089.02
09/30/04, 1102.11
10/01/04, 1117.29
10/04/04, 1139.45
10/05/04, 1140.12
10/06/04, 1147.69
10/07/04, 1141.84
10/08/04, 1140.06
10/12/04, 1126.80
10/13/04, 1123.46
10/14/04, 1109.64
10/15/04, 1105.39
10/18/04, 1101.11
10/19/04, 1108.65
10/20/04, 1093.94
10/21/04, 1085.11
10/22/04, 1090.84
10/25/04, 1075.12
10/26/04, 1073.20
10/27/04, 1074.29
10/28/04, 1090.25
10/29/04, 1085.43
11/01/04, 1080.50
11/02/04, 1094.88
11/04/04, 1101.89
11/05/04, 1112.13
11/08/04, 1102.71
11/09/04, 1100.33
11/10/04, 1100.74
11/11/04, 1091.13
11/12/04, 1104.02
11/15/04, 1123.47
11/16/04, 1120.37
11/17/04, 1114.61
11/18/04, 1110.25
11/19/04, 1109.77
11/22/04, 1089.77
11/24/04, 1090.93
11/25/04, 1094.45
11/26/04, 1091.21
11/29/04, 1103.60
11/30/04, 1098.79
12/01/04, 1087.36
12/02/04, 1105.38
12/03/04, 1110.53
12/06/04, 1103.70
12/07/04, 1093.68
12/08/04, 1099.69
12/09/04, 1087.56
12/10/04, 1083.79
12/13/04, 1085.84
12/14/04, 1099.55
12/15/04, 1101.72
12/16/04, 1101.07
12/17/04, 1111.35
12/20/04, 1109.76
12/21/04, 1116.34
12/22/04, 1122.47
12/24/04, 1134.59
12/27/04, 1134.61
12/28/04, 1140.19
12/29/04, 1139.41
12/30/04, 1149.63
01/04/05, 1153.38
01/05/05, 1143.36
01/06/05, 1147.97
01/07/05, 1145.76
01/11/05, 1157.30
01/12/05, 1147.89
01/13/05, 1140.04
01/14/05, 1145.69
01/17/05, 1150.30
01/18/05, 1145.21
01/19/05, 1144.30
01/20/05, 1133.37
01/21/05, 1132.18
01/24/05, 1139.18
01/25/05, 1138.03
01/26/05, 1144.89
01/27/05, 1141.94
01/28/05, 1140.70
01/31/05, 1146.14
02/01/05, 1146.49
02/02/05, 1151.97
02/03/05, 1149.51
02/04/05, 1145.51
02/07/05, 1154.42
02/08/05, 1155.42
02/09/05, 1155.80
02/10/05, 1160.70
02/14/05, 1168.61
02/15/05, 1168.19
02/16/05, 1164.94
02/17/05, 1161.93
02/18/05, 1166.57
02/21/05, 1166.74
02/22/05, 1162.49
02/23/05, 1152.95
02/24/05, 1157.54
02/25/05, 1167.33
02/28/05, 1177.41
03/01/05, 1179.90
03/02/05, 1185.71
03/03/05, 1189.52
03/04/05, 1192.11
03/07/05, 1199.83
03/08/05, 1195.39
03/09/05, 1200.63
03/10/05, 1195.43
03/11/05, 1200.00
03/14/05, 1195.45
03/15/05, 1192.80
03/16/05, 1198.25
03/17/05, 1192.28
03/18/05, 1203.26
03/22/05, 1202.52
03/23/05, 1193.85
03/24/05, 1188.44
03/25/05, 1193.77
03/28/05, 1194.04
03/29/05, 1175.62
03/30/05, 1169.11
03/31/05, 1182.18
04/01/05, 1186.50
04/04/05, 1183.15
04/05/05, 1189.79
04/06/05, 1196.23
04/07/05, 1196.83
04/08/05, 1201.30
04/11/05, 1190.12
04/12/05, 1179.28
04/13/05, 1176.39
04/14/05, 1168.42
04/15/05, 1150.67
04/18/05, 1109.49
04/19/05, 1126.71
04/20/05, 1131.53
04/21/05, 1123.32
04/22/05, 1130.89
04/25/05, 1132.17
04/26/05, 1131.31
04/27/05, 1130.30
04/28/05, 1129.93
05/02/05, 1131.80
05/06/05, 1150.76
05/09/05, 1152.48
05/10/05, 1149.58
05/11/05, 1145.30
05/12/05, 1140.49
05/13/05, 1134.82
05/16/05, 1123.37
05/17/05, 1111.81
05/18/05, 1109.19
05/19/05, 1131.42
05/20/05, 1129.81
05/23/05, 1137.69
05/24/05, 1136.32
05/25/05, 1124.70
05/26/05, 1123.50
05/27/05, 1132.34
05/30/05, 1141.76
05/31/05, 1144.33
06/01/05, 1149.49
06/02/05, 1148.85
06/03/05, 1147.72
06/06/05, 1145.37
06/07/05, 1141.26
06/08/05, 1148.54
06/09/05, 1138.75
06/10/05, 1148.97
06/13/05, 1149.66
06/14/05, 1150.33
06/15/05, 1158.23
06/16/05, 1160.54
06/17/05, 1172.33
06/20/05, 1170.65
06/21/05, 1169.15
06/22/05, 1173.25
06/23/05, 1174.02
06/24/05, 1173.46
06/27/05, 1161.44
06/28/05, 1170.10
06/29/05, 1176.48
06/30/05, 1177.20
07/01/05, 1181.80
07/04/05, 1186.09
07/05/05, 1183.41
07/06/05, 1183.63
07/07/05, 1180.22
07/08/05, 1177.61
07/11/05, 1185.02
07/12/05, 1186.01
07/13/05, 1185.70
07/14/05, 1191.17
07/15/05, 1193.30
07/19/05, 1191.53
07/20/05, 1196.33
07/21/05, 1194.76
07/22/05, 1186.76
07/25/05, 1190.27
07/26/05, 1189.01
07/27/05, 1198.97
07/28/05, 1201.72
07/29/05, 1204.98
08/01/05, 1211.61
08/02/05, 1209.19
08/03/05, 1212.02
08/04/05, 1204.17
08/05/05, 1189.19
08/08/05, 1191.90
08/09/05, 1206.27
08/10/05, 1227.85
08/11/05, 1243.74
08/12/05, 1245.13
08/15/05, 1248.77
08/16/05, 1252.12
08/17/05, 1250.10
08/18/05, 1252.94
08/19/05, 1250.50
08/22/05, 1269.82
08/23/05, 1272.00
08/24/05, 1275.61
08/25/05, 1268.06
08/26/05, 1272.46
08/29/05, 1258.64
08/30/05, 1273.60
08/31/05, 1271.29
09/01/05, 1277.33
09/02/05, 1282.79
09/05/05, 1290.56
09/06/05, 1286.29
09/07/05, 1285.52
09/08/05, 1278.90
09/09/05, 1293.35
09/12/05, 1309.80
09/13/05, 1315.76
09/14/05, 1312.35
09/15/05, 1327.29
09/16/05, 1328.84
09/20/05, 1352.53
09/21/05, 1357.71
09/22/05, 1356.22
09/26/05, 1386.49
09/27/05, 1376.70
09/28/05, 1401.47
09/29/05, 1428.13
09/30/05, 1412.28
10/03/05, 1411.28
10/04/05, 1421.83
10/05/05, 1409.67
10/06/05, 1371.37
10/07/05, 1372.52
10/11/05, 1405.99
10/12/05, 1406.89
10/13/05, 1407.79
10/14/05, 1397.93
10/17/05, 1393.42
10/18/05, 1392.69
10/19/05, 1379.78
10/20/05, 1383.95
10/21/05, 1385.37
10/24/05, 1376.50
10/25/05, 1393.61
10/26/05, 1407.70
10/27/05, 1423.84
10/28/05, 1419.84
10/31/05, 1444.73
11/01/05, 1473.02
11/02/05, 1474.25
11/04/05, 1494.99
11/07/05, 1499.12
11/08/05, 1497.53
11/09/05, 1487.71
11/10/05, 1484.68
11/11/05, 1494.56
11/14/05, 1480.42
11/15/05, 1472.47
11/16/05, 1486.34
11/17/05, 1510.33
11/18/05, 1531.65
11/21/05, 1527.56
11/22/05, 1526.54
11/24/05, 1517.64
11/25/05, 1529.67
11/28/05, 1543.43
11/29/05, 1544.57
11/30/05, 1536.21
12/01/05, 1559.81
12/02/05, 1583.72
12/05/05, 1597.57
12/06/05, 1591.34
12/07/05, 1598.59
12/08/05, 1568.73
12/09/05, 1591.23
12/12/05, 1617.52
12/13/05, 1626.15
12/14/05, 1602.21
12/15/05, 1583.66
12/16/05, 1580.78
12/19/05, 1589.24
12/20/05, 1613.99
12/21/05, 1636.38
12/22/05, 1637.89
12/26/05, 1648.94
12/27/05, 1637.93
12/28/05, 1653.92
12/29/05, 1663.75
12/30/05, 1649.76
01/04/06, 1673.07
01/05/06, 1685.15
01/06/06, 1684.90
01/10/06, 1659.03
01/11/06, 1672.44
01/12/06, 1684.34
01/13/06, 1681.69
01/16/06, 1670.15
01/17/06, 1631.61
01/18/06, 1574.67
01/19/06, 1620.29
01/20/06, 1624.39
01/23/06, 1587.90
01/24/06, 1612.43
01/25/06, 1618.46
01/26/06, 1643.29
01/27/06, 1690.32
01/30/06, 1704.28
01/31/06, 1710.77
02/01/06, 1694.24
02/02/06, 1711.02
02/03/06, 1707.96
02/06/06, 1712.30
02/07/06, 1713.47
02/08/06, 1671.39
02/09/06, 1682.26
02/10/06, 1660.22
02/13/06, 1618.01
02/14/06, 1635.24
02/15/06, 1624.28
02/16/06, 1631.39
02/17/06, 1605.33
02/20/06, 1572.11
02/21/06, 1612.56
02/22/06, 1609.46
02/23/06, 1640.47
02/24/06, 1647.74
02/27/06, 1656.82
02/28/06, 1660.42
03/01/06, 1635.60
03/02/06, 1632.24
03/03/06, 1612.96
03/06/06, 1626.46
03/07/06, 1617.87
03/08/06, 1605.58
03/09/06, 1641.01
03/10/06, 1647.27
03/13/06, 1674.66
03/14/06, 1665.79
03/15/06, 1666.78
03/16/06, 1645.06
03/17/06, 1663.98
03/20/06, 1688.22
03/22/06, 1686.35
03/23/06, 1680.09
03/24/06, 1689.34
03/27/06, 1693.84
03/28/06, 1692.69
03/29/06, 1711.54
03/30/06, 1726.68
03/31/06, 1728.16
04/03/06, 1754.64
04/04/06, 1749.65
04/05/06, 1746.05
04/06/06, 1775.67
04/07/06, 1783.72
04/10/06, 1777.34
04/11/06, 1770.18
04/12/06, 1742.89
04/13/06, 1743.77
04/14/06, 1744.07
04/17/06, 1719.05
04/18/06, 1741.75
04/19/06, 1747.32
04/20/06, 1747.86
04/21/06, 1756.40
04/24/06, 1710.76
04/25/06, 1719.73
04/26/06, 1723.29
04/27/06, 1729.37
04/28/06, 1716.43
05/01/06, 1717.17
05/02/06, 1737.18
05/08/06, 1755.03
05/09/06, 1747.50
05/10/06, 1725.06
05/11/06, 1711.31
05/12/06, 1688.18
05/15/06, 1681.81
05/16/06, 1644.97
05/17/06, 1657.07
05/18/06, 1632.08
05/19/06, 1638.57
05/22/06, 1615.86
05/23/06, 1579.26
05/24/06, 1606.01
05/25/06, 1584.71
05/26/06, 1613.78
05/29/06, 1616.17
05/30/06, 1612.76
05/31/06, 1579.94
06/01/06, 1584.56
06/02/06, 1606.11
06/05/06, 1594.92
06/06/06, 1567.30
06/07/06, 1533.54
06/08/06, 1482.22
06/09/06, 1498.68
06/12/06, 1510.89
06/13/06, 1458.30
06/14/06, 1466.14
06/15/06, 1485.98
06/16/06, 1534.71
06/19/06, 1527.66
06/20/06, 1510.32
06/21/06, 1505.51
06/22/06, 1549.12
06/23/06, 1545.57
06/26/06, 1548.97
06/27/06, 1549.37
06/28/06, 1527.51
06/29/06, 1547.75
06/30/06, 1586.96
07/03/06, 1593.22
07/04/06, 1602.43
07/05/06, 1589.97
07/06/06, 1572.29
07/07/06, 1573.15
07/10/06, 1594.07
07/11/06, 1585.85
07/12/06, 1563.69
07/13/06, 1551.03
07/14/06, 1521.71
07/18/06, 1475.28
07/19/06, 1475.42
07/20/06, 1528.59
07/21/06, 1515.53
07/24/06, 1514.22
07/25/06, 1534.82
07/26/06, 1520.44
07/27/06, 1541.81
07/28/06, 1559.41
07/31/06, 1572.01
08/01/06, 1567.01
08/02/06, 1569.65
08/03/06, 1569.53
08/04/06, 1571.70
08/07/06, 1540.12
08/08/06, 1562.73
08/09/06, 1578.43
08/10/06, 1582.88
08/11/06, 1577.92
08/14/06, 1601.02
08/15/06, 1605.12
08/16/06, 1629.73
08/17/06, 1631.46
08/18/06, 1641.45
08/21/06, 1624.21
08/22/06, 1641.77
08/23/06, 1640.28
08/24/06, 1623.03
08/25/06, 1619.81
08/28/06, 1600.25
08/29/06, 1615.99
08/30/06, 1612.66
08/31/06, 1634.46
09/01/06, 1633.35
09/04/06, 1649.32
09/05/06, 1651.35
09/06/06, 1642.82
09/07/06, 1613.46
09/08/06, 1619.92
09/11/06, 1596.50
09/12/06, 1585.98
09/13/06, 1583.55
09/14/06, 1598.13
09/15/06, 1593.43
09/19/06, 1591.98
09/20/06, 1570.18
09/21/06, 1580.08
09/22/06, 1563.60
09/25/06, 1559.78
09/26/06, 1549.41
09/27/06, 1591.04
09/28/06, 1602.57
09/29/06, 1610.73
10/02/06, 1625.12
10/03/06, 1617.84
10/04/06, 1601.99
10/05/06, 1633.20
10/06/06, 1634.21
10/10/06, 1634.83
10/11/06, 1622.07
10/12/06, 1613.64
10/13/06, 1628.00
10/16/06, 1646.05
10/17/06, 1637.95
10/18/06, 1638.74
10/19/06, 1635.77
10/20/06, 1644.15
10/23/06, 1659.39
10/24/06, 1662.53
10/25/06, 1653.38
10/26/06, 1664.59
10/27/06, 1650.73
10/30/06, 1620.65
10/31/06, 1617.42
11/01/06, 1622.51
11/02/06, 1619.02
11/06/06, 1616.71
11/07/06, 1616.68
11/08/06, 1597.50
11/09/06, 1589.06
11/10/06, 1581.37
11/13/06, 1568.76
11/14/06, 1596.42
11/15/06, 1592.00
11/16/06, 1582.04
11/17/06, 1573.54
11/20/06, 1533.94
11/21/06, 1532.95
11/22/06, 1552.87
11/24/06, 1538.04
11/27/06, 1553.01
11/28/06, 1555.11
11/29/06, 1580.10
11/30/06, 1603.03
12/01/06, 1604.90
12/04/06, 1607.74
12/05/06, 1598.89
12/06/06, 1615.17
12/07/06, 1622.77
12/08/06, 1616.34
12/11/06, 1627.97
12/12/06, 1636.72
12/13/06, 1639.19
12/14/06, 1651.85
12/15/06, 1657.40
12/18/06, 1665.32
12/19/06, 1645.40
12/20/06, 1667.01
12/21/06, 1671.30
12/22/06, 1672.10
12/25/06, 1664.87
12/26/06, 1672.45
12/27/06, 1676.95
12/28/06, 1678.91
12/29/06, 1681.07
01/04/07, 1698.95
01/05/07, 1675.33
01/09/07, 1692.12
01/10/07, 1663.00
01/11/07, 1656.72
01/12/07, 1685.27
01/15/07, 1704.58
01/16/07, 1703.54
01/17/07, 1706.76
01/18/07, 1715.17
01/19/07, 1714.21
01/22/07, 1730.33
01/23/07, 1730.76
01/24/07, 1738.61
01/25/07, 1729.40
01/26/07, 1728.02
01/29/07, 1733.59
01/30/07, 1731.60
01/31/07, 1721.96
02/01/07, 1738.58
02/02/07, 1742.40
02/05/07, 1716.28
02/06/07, 1732.42
02/07/07, 1728.36
02/08/07, 1720.18
02/09/07, 1745.09
02/13/07, 1755.90
02/14/07, 1765.31
02/15/07, 1776.71
02/16/07, 1774.53
02/19/07, 1779.96
02/20/07, 1782.73
02/21/07, 1787.23
02/22/07, 1802.90
02/23/07, 1814.96
02/26/07, 1816.97
02/27/07, 1811.33
02/28/07, 1752.74
03/01/07, 1740.11
03/02/07, 1721.59
03/05/07, 1662.71
03/06/07, 1692.54
03/07/07, 1689.60
03/08/07, 1720.96
03/09/07, 1730.31
03/12/07, 1741.36
03/13/07, 1725.43
03/14/07, 1674.94
03/15/07, 1694.18
03/16/07, 1677.06
03/19/07, 1694.08
03/20/07, 1708.29
03/22/07, 1731.80
03/23/07, 1741.94
03/26/07, 1741.37
03/27/07, 1723.86
03/28/07, 1711.06
03/29/07, 1710.68
03/30/07, 1713.61
04/02/07, 1682.49
04/03/07, 1704.32
04/04/07, 1730.52
04/05/07, 1720.72
04/06/07, 1717.08
04/09/07, 1738.10
04/10/07, 1735.69
04/11/07, 1739.01
04/12/07, 1726.18
04/13/07, 1705.50
04/16/07, 1725.60
04/17/07, 1716.11
04/18/07, 1730.71
04/19/07, 1706.93
04/20/07, 1710.07
04/23/07, 1705.63
04/24/07, 1706.16
04/25/07, 1687.34
04/26/07, 1703.41
04/27/07, 1701.00
05/01/07, 1693.25
05/02/07, 1704.22
05/07/07, 1733.03
05/08/07, 1732.63
05/09/07, 1745.01
05/10/07, 1736.99
05/11/07, 1723.09
05/14/07, 1730.99
05/15/07, 1712.55
05/16/07, 1711.89
05/17/07, 1707.27
05/18/07, 1695.69
05/21/07, 1710.67
05/22/07, 1731.54
05/23/07, 1740.08
05/24/07, 1738.11
05/25/07, 1715.54
05/28/07, 1724.38
05/29/07, 1737.90
05/30/07, 1733.75
05/31/07, 1755.68
06/01/07, 1767.88
06/04/07, 1772.84
06/05/07, 1776.56
06/07/07, 1779.72
06/08/07, 1756.16
06/11/07, 1761.15
06/12/07, 1751.62
06/13/07, 1745.92
06/14/07, 1756.64
06/15/07, 1772.94
06/18/07, 1788.39
06/19/07, 1780.49
06/20/07, 1783.72
06/21/07, 1789.38
06/22/07, 1777.99
06/25/07, 1764.87
06/26/07, 1765.87
06/27/07, 1741.08
06/28/07, 1751.12
06/29/07, 1774.88
07/02/07, 1780.36
07/03/07, 1781.86
07/04/07, 1782.44
07/05/07, 1788.16
07/06/07, 1779.67
07/09/07, 1792.23
07/10/07, 1789.20
07/11/07, 1767.72
07/12/07, 1763.06
07/13/07, 1783.20
07/17/07, 1778.11
07/18/07, 1758.65
07/19/07, 1768.00
07/20/07, 1776.17
07/23/07, 1757.29
07/24/07, 1765.99
07/25/07, 1754.03
07/26/07, 1737.18
07/27/07, 1699.71
07/30/07, 1705.71
07/31/07, 1706.18
08/01/07, 1668.85
08/02/07, 1669.33
08/03/07, 1672.54
08/06/07, 1668.04
08/07/07, 1660.16
08/08/07, 1669.04
08/09/07, 1683.81
08/10/07, 1633.93
08/13/07, 1632.64
08/14/07, 1637.46
08/15/07, 1594.15
08/16/07, 1567.46
08/17/07, 1480.39
08/20/07, 1523.57
08/21/07, 1549.88
08/22/07, 1544.89
08/23/07, 1591.81
08/24/07, 1585.85
08/27/07, 1587.76
08/28/07, 1584.60
08/29/07, 1557.55
08/30/07, 1568.23
08/31/07, 1608.25
09/03/07, 1605.44
09/04/07, 1596.74
09/05/07, 1569.47
09/06/07, 1568.52
09/07/07, 1557.02
09/10/07, 1525.22
09/11/07, 1532.39
09/12/07, 1528.27
09/13/07, 1522.87
09/14/07, 1544.71
09/18/07, 1510.95
09/19/07, 1567.58
09/20/07, 1566.84
09/21/07, 1552.07
09/25/07, 1566.83
09/26/07, 1576.02
09/27/07, 1615.15
09/28/07, 1616.62
10/01/07, 1615.89
10/02/07, 1639.79
10/03/07, 1664.01
10/04/07, 1655.60
10/05/07, 1656.91
10/09/07, 1660.06
10/10/07, 1658.18
10/11/07, 1677.52
10/12/07, 1659.48
10/15/07, 1657.44
10/16/07, 1625.25
10/17/07, 1600.29
10/18/07, 1617.75
10/19/07, 1591.28
10/22/07, 1563.07
10/23/07, 1570.55
10/24/07, 1563.86
10/25/07, 1548.07
10/26/07, 1573.97
10/29/07, 1606.49
10/30/07, 1607.21
10/31/07, 1620.07
11/01/07, 1635.78
11/02/07, 1600.17
11/05/07, 1575.13
11/06/07, 1574.59
11/07/07, 1556.69
11/08/07, 1516.94
11/09/07, 1494.35
11/12/07, 1456.40
11/13/07, 1454.73
11/14/07, 1497.71
11/15/07, 1498.86
11/16/07, 1471.67
11/19/07, 1456.61
11/20/07, 1469.27
11/21/07, 1438.72
11/22/07, 1437.38
11/26/07, 1467.03
11/27/07, 1478.78
11/28/07, 1475.64
11/29/07, 1514.47
11/30/07, 1531.88
12/03/07, 1532.16
12/04/07, 1515.50
12/05/07, 1526.63
12/06/07, 1552.27
12/07/07, 1561.76
12/10/07, 1558.51
12/11/07, 1567.02
12/12/07, 1556.93
12/13/07, 1516.10
12/14/07, 1501.25
12/17/07, 1472.70
12/18/07, 1469.77
12/19/07, 1456.79
12/20/07, 1457.56
12/21/07, 1469.20
12/25/07, 1496.03
12/26/07, 1508.47
12/27/07, 1499.94
12/28/07, 1475.68
01/04/08, 1411.91
01/07/08, 1392.71
01/08/08, 1403.06
01/09/08, 1424.29
01/10/08, 1401.36
01/11/08, 1377.58
01/15/08, 1350.20
01/16/08, 1302.37
01/17/08, 1330.44
01/18/08, 1341.50
01/21/08, 1293.74
01/22/08, 1219.95
01/23/08, 1249.93
01/24/08, 1284.45
01/25/08, 1344.77
01/28/08, 1293.03
01/29/08, 1328.73
01/30/08, 1320.11
01/31/08, 1346.31
02/01/08, 1336.86
02/04/08, 1364.72
02/05/08, 1355.48
02/06/08, 1298.41
02/07/08, 1305.08
02/08/08, 1287.14
02/12/08, 1286.10
02/13/08, 1285.35
02/14/08, 1332.44
02/15/08, 1334.89
02/18/08, 1332.99
02/19/08, 1345.29
02/20/08, 1302.72
02/21/08, 1334.72
02/22/08, 1321.37
02/25/08, 1355.54
02/26/08, 1347.47
02/27/08, 1364.52
02/28/08, 1353.10
02/29/08, 1324.28
03/03/08, 1271.15
03/04/08, 1265.66
03/05/08, 1263.91
03/06/08, 1287.55
03/07/08, 1247.77
03/10/08, 1224.39
03/11/08, 1235.15
03/12/08, 1255.13
03/13/08, 1215.87
03/14/08, 1193.23
03/17/08, 1149.65
03/18/08, 1163.63
03/19/08, 1196.30
03/21/08, 1220.04
03/24/08, 1224.15
03/25/08, 1242.98
03/26/08, 1237.55
03/27/08, 1226.44
03/28/08, 1243.81
03/31/08, 1212.96
04/01/08, 1230.49
04/02/08, 1282.07
04/03/08, 1299.64
04/04/08, 1288.94
04/07/08, 1305.63
04/08/08, 1282.69
04/09/08, 1262.90
04/10/08, 1248.07
04/11/08, 1278.62
04/14/08, 1246.24
04/15/08, 1255.97
04/16/08, 1271.88
04/17/08, 1293.32
04/18/08, 1304.06
04/21/08, 1331.51
04/22/08, 1311.46
04/23/08, 1314.39
04/24/08, 1307.57
04/25/08, 1339.91
04/28/08, 1361.75
04/30/08, 1358.65
05/01/08, 1346.10
05/02/08, 1377.39
05/07/08, 1393.28
05/08/08, 1372.95
05/09/08, 1341.76
05/12/08, 1342.79
05/13/08, 1360.05
05/14/08, 1373.04
05/15/08, 1392.87
05/16/08, 1395.87
05/19/08, 1404.25
05/20/08, 1399.84
05/21/08, 1370.09
05/22/08, 1379.67
05/23/08, 1376.69
05/26/08, 1344.18
05/27/08, 1368.25
05/28/08, 1348.69
05/29/08, 1380.63
05/30/08, 1408.14
06/02/08, 1425.10
06/03/08, 1407.44
06/04/08, 1430.47
06/05/08, 1424.45
06/06/08, 1428.11
06/09/08, 1397.54
06/10/08, 1383.20
06/11/08, 1390.03
06/12/08, 1363.14
06/13/08, 1371.57
06/16/08, 1401.69
06/17/08, 1401.98
06/18/08, 1409.64
06/19/08, 1375.60
06/20/08, 1356.74
06/23/08, 1347.93
06/24/08, 1349.19
06/25/08, 1346.08
06/26/08, 1344.79
06/27/08, 1320.68
06/30/08, 1320.10
07/01/08, 1320.07
07/02/08, 1301.15
07/03/08, 1298.02
07/04/08, 1297.88
07/07/08, 1312.80
07/08/08, 1283.51
07/09/08, 1285.53
07/10/08, 1290.76
07/11/08, 1285.91
07/14/08, 1280.72
07/15/08, 1253.12
07/16/08, 1249.28
07/17/08, 1263.65
07/18/08, 1252.43
07/22/08, 1287.74
07/23/08, 1303.35
07/24/08, 1332.57
07/25/08, 1298.28
07/28/08, 1300.79
07/29/08, 1281.64
07/30/08, 1302.99
07/31/08, 1303.62
08/01/08, 1272.93
08/04/08, 1248.25
08/05/08, 1247.71
08/06/08, 1277.27
08/07/08, 1258.81
08/08/08, 1259.93
08/11/08, 1280.00
08/12/08, 1271.42
08/13/08, 1246.48
08/14/08, 1238.93
08/15/08, 1247.31
08/18/08, 1263.75
08/19/08, 1235.54
08/20/08, 1233.37
08/21/08, 1224.53
08/22/08, 1216.42
08/25/08, 1239.25
08/26/08, 1229.35
08/27/08, 1223.69
08/28/08, 1219.53
08/29/08, 1254.71
09/01/08, 1230.64
09/02/08, 1212.37
09/03/08, 1220.55
09/04/08, 1201.65
09/05/08, 1170.84
09/08/08, 1216.41
09/09/08, 1191.59
09/10/08, 1192.38
09/11/08, 1162.72
09/12/08, 1177.20
09/16/08, 1117.57
09/17/08, 1121.43
09/18/08, 1097.68
09/19/08, 1149.12
09/22/08, 1168.69
09/24/08, 1167.97
09/25/08, 1153.95
09/26/08, 1147.89
09/29/08, 1127.87
09/30/08, 1087.41
10/01/08, 1101.13
10/02/08, 1076.97
10/03/08, 1047.97
10/06/08, 999.05
10/07/08, 977.61
10/08/08, 899.01
10/09/08, 905.11
10/10/08, 840.86
10/14/08, 956.30
10/15/08, 955.51
10/16/08, 864.52
10/17/08, 894.29
10/20/08, 927.37
10/21/08, 956.64
10/22/08, 889.23
10/23/08, 871.70
10/24/08, 806.11
10/27/08, 746.46
10/28/08, 784.03
10/29/08, 830.32
10/30/08, 899.37
10/31/08, 867.12
11/04/08, 910.70
11/05/08, 966.91
11/06/08, 909.30
11/07/08, 879.00
11/10/08, 916.65
11/11/08, 889.36
11/12/08, 875.23
11/13/08, 837.53
11/14/08, 846.91
11/17/08, 850.49
11/18/08, 835.44
11/19/08, 827.43
11/20/08, 782.28
11/21/08, 802.69
11/25/08, 831.58
11/26/08, 817.22
11/27/08, 829.03
11/28/08, 834.82
12/01/08, 827.47
12/02/08, 787.12
12/03/08, 799.19
12/04/08, 788.88
12/05/08, 786.02
12/08/08, 812.08
12/09/08, 817.94
12/10/08, 834.55
12/11/08, 849.25
12/12/08, 813.37
12/15/08, 846.93
12/16/08, 828.62
12/17/08, 838.46
12/18/08, 838.69
12/19/08, 834.43
12/22/08, 848.72
12/24/08, 826.99
12/25/08, 836.02
12/26/08, 846.58
12/29/08, 854.77
12/30/08, 859.24
01/05/09, 875.91
01/06/09, 876.20
01/07/09, 888.25
01/08/09, 860.89
01/09/09, 855.02
01/13/09, 814.12
01/14/09, 819.39
01/15/09, 795.99
01/16/09, 817.89
01/19/09, 817.73
01/20/09, 805.03
01/21/09, 787.15
01/22/09, 795.91
01/23/09, 773.55
01/26/09, 768.28
01/27/09, 805.49
01/28/09, 804.33
01/29/09, 818.47
01/30/09, 794.03
02/02/09, 777.85
02/03/09, 773.79
02/04/09, 792.78
02/05/09, 786.41
02/06/09, 790.84
02/09/09, 778.90
02/10/09, 778.10
02/12/09, 760.29
02/13/09, 764.59
02/16/09, 770.10
02/17/09, 756.53
02/18/09, 749.26
02/19/09, 751.59
02/20/09, 739.53
02/23/09, 735.28
02/24/09, 730.28
02/25/09, 745.62
02/26/09, 742.53
02/27/09, 756.71
03/02/09, 734.59
03/03/09, 726.80
03/04/09, 732.04
03/05/09, 741.55
03/06/09, 721.39
03/09/09, 710.53
03/10/09, 703.50
03/11/09, 722.28
03/12/09, 700.93
03/13/09, 724.30
03/16/09, 741.69
03/17/09, 760.64
03/18/09, 764.67
03/19/09, 764.77
03/23/09, 791.56
03/24/09, 812.72
03/25/09, 818.49
03/26/09, 826.81
03/27/09, 824.53
03/30/09, 789.54
03/31/09, 773.66
04/01/09, 793.82
04/02/09, 826.69
04/03/09, 831.36
04/06/09, 830.97
04/07/09, 832.60
04/08/09, 815.26
04/09/09, 841.81
04/10/09, 845.97
04/13/09, 848.97
04/14/09, 843.42
04/15/09, 835.25
04/16/09, 832.04
04/17/09, 845.57
04/20/09, 848.30
04/21/09, 830.72
04/22/09, 829.96
04/23/09, 839.50
04/24/09, 830.05
04/27/09, 833.10
04/28/09, 811.99
04/30/09, 837.79
05/01/09, 846.85
05/07/09, 885.93
05/08/09, 895.35
05/11/09, 900.45
05/12/09, 885.43
05/13/09, 888.75
05/14/09, 862.66
05/15/09, 881.65
05/18/09, 859.71
05/19/09, 879.76
05/20/09, 886.30
05/21/09, 881.44
05/22/09, 875.88
05/25/09, 883.00
05/26/09, 883.77
05/27/09, 892.85
05/28/09, 895.59
05/29/09, 897.91
06/01/09, 912.52
06/02/09, 913.56
06/03/09, 914.50
06/04/09, 910.99
06/05/09, 916.56
06/08/09, 926.89
06/09/09, 918.24
06/10/09, 937.01
06/11/09, 940.65
06/12/09, 950.54
06/15/09, 946.82
06/16/09, 914.76
06/17/09, 923.03
06/18/09, 911.21
06/19/09, 918.97
06/22/09, 922.48
06/23/09, 901.69
06/24/09, 902.46
06/25/09, 919.77
06/26/09, 926.80
06/29/09, 915.32
06/30/09, 929.76
07/01/09, 928.30
07/02/09, 924.02
07/03/09, 920.62
07/06/09, 912.42
07/07/09, 909.13
07/08/09, 888.54
07/09/09, 873.91
07/10/09, 872.50
07/13/09, 852.42
07/14/09, 868.57
07/15/09, 866.37
07/16/09, 872.25
07/17/09, 878.29
07/21/09, 901.55
07/22/09, 906.58
07/23/09, 908.69
07/24/09, 920.48
07/27/09, 928.26
07/28/09, 930.13
07/29/09, 930.36
07/30/09, 936.94
07/31/09, 950.26
08/03/09, 957.56
08/04/09, 959.02
08/05/09, 949.58
08/06/09, 957.51
08/07/09, 956.76
08/10/09, 969.24
08/11/09, 973.51
08/12/09, 959.87
08/13/09, 968.41
08/14/09, 973.57
08/17/09, 949.59
08/18/09, 949.66
08/19/09, 943.25
08/20/09, 958.59
08/21/09, 947.34
08/24/09, 970.27
08/25/09, 965.11
08/26/09, 975.59
08/27/09, 964.23
08/28/09, 969.31
08/31/09, 965.73
09/01/09, 968.77
09/02/09, 949.81
09/03/09, 942.77
09/04/09, 935.74
09/07/09, 944.60
09/08/09, 946.40
09/09/09, 939.84
09/10/09, 958.49
09/11/09, 950.41
09/14/09, 934.05
09/15/09, 932.52
09/16/09, 931.43
09/17/09, 939.52
09/18/09, 939.44
09/24/09, 950.20
09/25/09, 922.67
09/28/09, 902.84
09/29/09, 904.00
09/30/09, 909.84
10/01/09, 896.12
10/02/09, 874.67
10/05/09, 867.28
10/06/09, 871.63
10/07/09, 885.69
10/08/09, 887.59
10/09/09, 897.83
10/13/09, 901.40
10/14/09, 894.34
10/15/09, 904.11
10/16/09, 900.95
10/19/09, 905.80
10/20/09, 913.45
10/21/09, 913.70
10/22/09, 908.60
10/23/09, 902.03
10/26/09, 910.72
10/27/09, 895.48
10/28/09, 888.80
10/29/09, 882.26
10/30/09, 894.67
11/02/09, 880.54
11/04/09, 881.27
11/05/09, 874.96
11/06/09, 874.01
11/09/09, 870.67
11/10/09, 872.44
11/11/09, 872.29
11/12/09, 867.70
11/13/09, 866.80
11/16/09, 860.42
11/17/09, 857.00
11/18/09, 850.06
11/19/09, 837.71
11/20/09, 838.71
11/24/09, 829.22
11/25/09, 833.29
11/26/09, 829.56
11/27/09, 811.01
11/30/09, 839.94
12/01/09, 857.76
12/02/09, 858.74
12/03/09, 888.04
12/04/09, 889.58
12/07/09, 898.93
12/08/09, 896.70
12/09/09, 884.94
12/10/09, 873.90
12/11/09, 888.57
12/14/09, 885.08
12/15/09, 884.63
12/16/09, 898.29
12/17/09, 896.28
12/18/09, 893.59
12/21/09, 891.48
12/22/09, 903.06
12/24/09, 913.72
12/25/09, 909.39
12/28/09, 914.78
12/29/09, 915.87
12/30/09, 907.59
01/04/10, 915.75
01/05/10, 919.57
01/06/10, 931.13
01/07/10, 931.85
01/08/10, 941.29
01/12/10, 954.13
01/13/10, 944.02
01/14/10, 959.01
01/15/10, 966.40
01/18/10, 957.55
01/19/10, 949.76
01/20/10, 944.72
01/21/10, 956.03
01/22/10, 940.94
01/25/10, 934.59
01/26/10, 916.40
01/27/10, 907.67
01/28/10, 914.32
01/29/10, 901.12
02/01/10, 898.61
02/02/10, 912.82
02/03/10, 915.68
02/04/10, 911.09
02/05/10, 891.78
02/08/10, 883.01
02/09/10, 881.57
02/10/10, 883.50
02/12/10, 892.16
02/15/10, 883.47
02/16/10, 885.17
02/17/10, 904.63
02/18/10, 904.73
02/19/10, 889.08
02/22/10, 909.75
02/23/10, 907.37
02/24/10, 895.69
02/25/10, 891.41
02/26/10, 894.10
03/01/10, 898.93
03/02/10, 902.71
03/03/10, 905.65
03/04/10, 897.64
03/05/10, 910.81
03/08/10, 927.31
03/09/10, 924.38
03/10/10, 922.44
03/11/10, 930.38
03/12/10, 936.38
03/15/10, 938.91
03/16/10, 938.10
03/17/10, 947.43
03/18/10, 940.79
03/19/10, 948.93
03/23/10, 947.37
03/24/10, 951.97
03/25/10, 952.13
03/26/10, 966.72
03/29/10, 966.13
03/30/10, 979.58
03/31/10, 978.81
04/01/10, 985.26
04/02/10, 989.39
04/05/10, 995.68
04/06/10, 990.79
04/07/10, 995.54
04/08/10, 985.99
04/09/10, 989.42
04/12/10, 994.78
04/13/10, 988.44
04/14/10, 991.10
04/15/10, 998.90
04/16/10, 988.84
04/19/10, 970.84
04/20/10, 972.11
04/21/10, 987.07
04/22/10, 978.17
04/23/10, 978.20
04/26/10, 996.71
04/27/10, 997.63
04/28/10, 977.64
04/30/10, 987.04
05/06/10, 956.72
05/07/10, 931.74
05/10/10, 944.64
05/11/10, 932.10
05/12/10, 932.83
05/13/10, 947.90
05/14/10, 936.45
05/17/10, 920.43
05/18/10, 913.91
05/19/10, 910.64
05/20/10, 898.15
05/21/10, 879.69
05/24/10, 880.01
05/25/10, 859.82
05/26/10, 859.00
05/27/10, 869.89
05/28/10, 878.52
05/31/10, 880.46
06/01/10, 880.04
06/02/10, 870.05
06/03/10, 890.64
06/04/10, 890.16
06/07/10, 859.21
06/08/10, 858.33
06/09/10, 850.37
06/10/10, 856.79
06/11/10, 866.44
06/14/10, 878.56
06/15/10, 878.83
06/16/10, 892.38
06/17/10, 887.48
06/18/10, 884.64
06/21/10, 902.49
06/22/10, 894.56
06/23/10, 880.84
06/24/10, 879.77
06/25/10, 867.30
06/28/10, 860.80
06/29/10, 852.19
06/30/10, 841.42
07/01/10, 828.39
07/02/10, 830.98
07/05/10, 836.89
07/06/10, 847.24
07/07/10, 841.51
07/08/10, 861.02
07/09/10, 861.21
07/12/10, 857.70
07/13/10, 854.39
07/14/10, 870.73
07/15/10, 856.60
07/16/10, 840.58
07/20/10, 832.26
07/21/10, 829.35
07/22/10, 825.48
07/23/10, 841.29
07/26/10, 845.88
07/27/10, 846.12
07/28/10, 865.51
07/29/10, 861.27
07/30/10, 849.50
08/02/10, 850.69
08/03/10, 859.18
08/04/10, 845.93
08/05/10, 857.09
08/06/10, 861.17
08/09/10, 857.62
08/10/10, 854.68
08/11/10, 834.45
08/12/10, 827.78
08/13/10, 831.24
08/16/10, 828.63
08/17/10, 826.78
08/18/10, 835.23
08/19/10, 843.98
08/20/10, 829.59
08/23/10, 824.79
08/24/10, 817.73
08/25/10, 807.31
08/26/10, 811.79
08/27/10, 819.62
08/30/10, 829.21
08/31/10, 804.67
09/01/10, 811.40
09/02/10, 819.42
09/03/10, 823.70
09/06/10, 838.71
09/07/10, 834.92
09/08/10, 820.99
09/09/10, 826.84
09/10/10, 833.72
09/13/10, 837.65
09/14/10, 834.87
09/15/10, 848.64
09/16/10, 844.71
09/17/10, 852.09
09/21/10, 849.94
09/22/10, 846.52
09/24/10, 838.41
09/27/10, 849.30
09/28/10, 842.65
09/29/10, 846.97
09/30/10, 829.51
10/01/10, 829.97
10/04/10, 822.74
10/05/10, 832.64
10/06/10, 844.50
10/07/10, 846.06
10/08/10, 839.44
10/12/10, 824.60
10/13/10, 822.65
10/14/10, 836.95
10/15/10, 826.38
10/18/10, 830.52
10/19/10, 833.73
10/20/10, 823.69
10/21/10, 820.40
10/22/10, 824.88
10/25/10, 821.23
10/26/10, 817.94
10/27/10, 817.76
10/28/10, 814.33
10/29/10, 810.91
11/01/10, 803.30
11/02/10, 803.12
11/04/10, 816.33
11/05/10, 834.98
11/08/10, 841.74
11/09/10, 839.95
11/10/10, 852.98
11/11/10, 856.37
11/12/10, 846.98
11/15/10, 851.56
11/16/10, 847.77
11/17/10, 850.30
11/18/10, 868.81
11/19/10, 869.52
11/22/10, 875.48
11/24/10, 866.57
11/25/10, 869.81
11/26/10, 866.81
11/29/10, 874.59
11/30/10, 860.94
12/01/10, 866.07
12/02/10, 877.21
12/03/10, 879.22
12/06/10, 881.41
12/07/10, 879.10
12/08/10, 887.39
12/09/10, 891.60
12/10/10, 888.22
12/13/10, 897.40
12/14/10, 901.89
12/15/10, 902.42
12/16/10, 903.84
12/17/10, 903.14
12/20/10, 898.55
12/21/10, 906.21
12/22/10, 905.78
12/24/10, 901.66
12/27/10, 904.68
12/28/10, 902.83
12/29/10, 908.01
12/30/10, 898.80
01/04/11, 911.80
01/05/11, 911.69
01/06/11, 924.51
01/07/11, 926.42
01/11/11, 926.94
01/12/11, 929.64
01/13/11, 937.74
01/14/11, 930.31
01/17/11, 928.73
01/18/11, 931.58
01/19/11, 936.87
01/20/11, 927.19
01/21/11, 910.85
01/24/11, 917.18
01/25/11, 929.28
01/26/11, 922.64
01/27/11, 929.66
01/28/11, 919.69
01/31/11, 910.08
02/01/11, 913.52
02/02/11, 929.64
02/03/11, 927.57
02/04/11, 935.36
02/07/11, 940.43
02/08/11, 944.00
02/09/11, 944.02
02/10/11, 946.63
02/14/11, 959.19
02/15/11, 962.57
02/16/11, 967.30
02/17/11, 974.14
02/18/11, 973.60
02/21/11, 974.63
02/22/11, 956.70
02/23/11, 946.88
02/24/11, 934.22
02/25/11, 941.93
02/28/11, 951.27
03/01/11, 963.70
03/02/11, 942.87
03/03/11, 948.69
03/04/11, 955.59
03/07/11, 941.63
03/08/11, 939.16
03/09/11, 944.29
03/10/11, 930.84
03/11/11, 915.51
03/14/11, 846.96
03/15/11, 766.73
03/16/11, 817.63
03/17/11, 810.80
03/18/11, 830.39
03/22/11, 868.13
03/23/11, 861.10
03/24/11, 853.95
03/25/11, 857.38
03/28/11, 857.85
03/29/11, 850.21
03/30/11, 866.09
03/31/11, 869.38
04/01/11, 862.62
04/04/11, 859.75
04/05/11, 847.16
04/06/11, 839.61
04/07/11, 841.10
04/08/11, 853.13
04/11/11, 852.34
04/12/11, 838.51
04/13/11, 844.59
04/14/11, 846.72
04/15/11, 841.29
04/18/11, 836.34
04/19/11, 827.56
04/20/11, 837.17
04/21/11, 841.72
04/22/11, 842.18
04/25/11, 840.68
04/26/11, 833.64
04/27/11, 839.87
04/28/11, 851.85
05/02/11, 865.55
05/06/11, 856.50
05/09/11, 853.21
05/10/11, 856.46
05/11/11, 857.62
05/12/11, 849.34
05/13/11, 839.94
05/16/11, 829.55
05/17/11, 828.85
05/18/11, 837.96
05/19/11, 831.89
05/20/11, 827.77
05/23/11, 817.68
05/24/11, 819.16
05/25/11, 817.74
05/26/11, 827.08
05/27/11, 824.90
05/30/11, 823.68
05/31/11, 838.48
06/01/11, 839.41
06/02/11, 825.76
06/03/11, 816.57
06/06/11, 807.99
06/07/11, 813.76
06/08/11, 814.45
06/09/11, 812.95
06/10/11, 817.38
06/13/11, 812.26
06/14/11, 822.86
06/15/11, 824.65
06/16/11, 812.41
06/17/11, 805.34
06/20/11, 806.83
06/21/11, 815.73
06/22/11, 828.99
06/23/11, 825.51
06/24/11, 833.20
06/27/11, 825.64
06/28/11, 830.34
06/29/11, 844.11
06/30/11, 849.22
07/01/11, 853.86
07/04/11, 864.11
07/05/11, 865.18
07/06/11, 873.51
07/07/11, 870.48
07/08/11, 874.34
07/11/11, 870.16
07/12/11, 857.19
07/13/11, 860.53
07/14/11, 856.88
07/15/11, 859.36
07/19/11, 853.75
07/20/11, 860.66
07/21/11, 860.11
07/22/11, 868.81
07/25/11, 861.91
07/26/11, 866.20
07/27/11, 859.11
07/28/11, 848.37
07/29/11, 841.37
08/01/11, 851.70
08/02/11, 843.96
08/03/11, 826.75
08/04/11, 826.36
08/05/11, 800.96
08/08/11, 782.86
08/09/11, 770.39
08/10/11, 776.73
08/11/11, 770.88
08/12/11, 768.19
08/15/11, 777.12
08/16/11, 779.06
08/17/11, 776.65
08/18/11, 767.31
08/19/11, 751.69
08/22/11, 742.84
08/23/11, 750.39
08/24/11, 742.24
08/25/11, 751.82
08/26/11, 756.07
08/29/11, 758.83
08/30/11, 767.30
08/31/11, 770.60
09/01/11, 778.28
09/02/11, 769.78
09/05/11, 755.82
09/06/11, 741.20
09/07/11, 753.63
09/08/11, 757.41
09/09/11, 755.70
09/12/11, 741.26
09/13/11, 749.82
09/14/11, 741.69
09/15/11, 751.76
09/16/11, 768.13
09/20/11, 755.04
09/21/11, 757.13
09/22/11, 744.54
09/26/11, 728.85
09/27/11, 748.55
09/28/11, 754.07
09/29/11, 762.30
09/30/11, 761.17
10/03/11, 747.11
10/04/11, 736.18
10/05/11, 726.25
10/06/11, 736.86
10/07/11, 741.55
10/11/11, 755.00
10/12/11, 753.44
10/13/11, 758.83
10/14/11, 748.81
10/17/11, 761.88
10/18/11, 751.24
10/19/11, 751.49
10/20/11, 746.02
10/21/11, 744.21
10/24/11, 755.44
10/25/11, 747.70
10/26/11, 746.48
10/27/11, 762.79
10/28/11, 771.43
10/31/11, 764.06
11/01/11, 754.50
11/02/11, 738.58
11/04/11, 752.02
11/07/11, 750.45
11/08/11, 738.03
11/09/11, 749.40
11/10/11, 730.30
11/11/11, 729.13
11/14/11, 735.85
11/15/11, 730.91
11/16/11, 724.11
11/17/11, 727.71
11/18/11, 719.98
11/21/11, 717.08
11/22/11, 717.79
11/24/11, 706.08
11/25/11, 706.60
11/28/11, 715.70
11/29/11, 729.68
11/30/11, 728.46
12/01/11, 740.01
12/02/11, 744.14
12/05/11, 748.61
12/06/11, 738.01
12/07/11, 749.63
12/08/11, 745.11
12/09/11, 738.12
12/12/11, 746.69
12/13/11, 740.71
12/14/11, 736.98
12/15/11, 725.02
12/16/11, 723.56
12/19/11, 716.38
12/20/11, 718.49
12/21/11, 725.68
12/22/11, 723.12
12/26/11, 726.44
12/27/11, 724.25
12/28/11, 721.45
12/29/11, 722.12
12/30/11, 728.61
01/04/12, 742.99
01/05/12, 736.28
01/06/12, 729.60
01/10/12, 731.93
01/11/12, 733.47
01/12/12, 727.15
01/13/12, 734.60
01/16/12, 725.24
01/17/12, 731.53
01/18/12, 734.98
01/19/12, 740.68
01/20/12, 755.47
01/23/12, 756.79
01/24/12, 757.40
01/25/12, 767.40
01/26/12, 764.61
01/27/12, 761.13
01/30/12, 757.01
01/31/12, 755.27
02/01/12, 757.96
02/02/12, 762.45
02/03/12, 760.69
02/06/12, 769.85
02/07/12, 772.77
02/08/12, 782.34
02/09/12, 784.49
02/10/12, 779.07
02/13/12, 781.68
02/14/12, 786.80
02/15/12, 802.96
02/16/12, 800.25
02/17/12, 810.45
02/20/12, 819.03
02/21/12, 816.29
02/22/12, 825.40
02/23/12, 829.35
02/24/12, 834.29
02/27/12, 835.25
02/28/12, 838.48
02/29/12, 835.96
03/01/12, 831.54
03/02/12, 837.82
03/05/12, 832.86
03/06/12, 827.35
03/07/12, 822.71
03/08/12, 836.16
03/09/12, 848.71
03/12/12, 845.28
03/13/12, 845.33
03/14/12, 857.11
03/15/12, 863.61
03/16/12, 866.73
03/19/12, 868.35
03/21/12, 858.78
03/22/12, 862.07
03/23/12, 852.53
03/26/12, 851.82
03/27/12, 872.42
03/28/12, 864.43
03/29/12, 857.74
03/30/12, 854.35
04/02/12, 856.05
04/03/12, 851.02
04/04/12, 835.36
04/05/12, 832.57
04/06/12, 825.71
04/09/12, 813.69
04/10/12, 813.43
04/11/12, 805.84
04/12/12, 809.88
04/13/12, 815.48
04/16/12, 803.83
04/17/12, 803.09
04/18/12, 819.27
04/19/12, 814.13
04/20/12, 811.94
04/23/12, 809.54
04/24/12, 803.94
04/25/12, 809.49
04/26/12, 810.10
04/27/12, 804.27
05/01/12, 789.49
05/02/12, 792.87
05/07/12, 772.06
05/08/12, 776.57
05/09/12, 765.83
05/10/12, 765.42
05/11/12, 758.38
05/14/12, 756.68
05/15/12, 747.40
05/16/12, 738.88
05/17/12, 747.16
05/18/12, 725.54
05/21/12, 725.15
05/22/12, 733.33
05/23/12, 721.57
05/24/12, 722.25
05/25/12, 722.11
05/28/12, 721.11
05/29/12, 727.03
05/30/12, 723.62
05/31/12, 719.49
06/01/12, 708.93
06/04/12, 695.51
06/05/12, 708.24
06/06/12, 718.56
06/07/12, 730.75
06/08/12, 717.74
06/11/12, 730.07
06/12/12, 724.37
06/13/12, 726.44
06/14/12, 725.66
06/15/12, 726.57
06/18/12, 738.81
06/19/12, 734.69
06/20/12, 747.34
06/21/12, 753.96
06/22/12, 750.92
06/25/12, 745.22
06/26/12, 738.89
06/27/12, 745.48
06/28/12, 758.81
06/29/12, 770.08
07/02/12, 769.34
07/03/12, 777.11
07/04/12, 778.70
07/05/12, 776.37
07/06/12, 771.83
07/09/12, 763.93
07/10/12, 758.60
07/11/12, 757.29
07/12/12, 747.49
07/13/12, 746.34
07/17/12, 743.38
07/18/12, 740.46
07/19/12, 747.13
07/20/12, 733.82
07/23/12, 720.62
07/24/12, 717.67
07/25/12, 706.46
07/26/12, 714.91
07/27/12, 726.44
07/30/12, 731.74
07/31/12, 736.31
08/01/12, 729.78
08/02/12, 732.98
08/03/12, 723.94
08/06/12, 735.73
08/07/12, 743.70
08/08/12, 745.64
08/09/12, 751.84
08/10/12, 746.79
08/13/12, 746.95
08/14/12, 749.53
08/15/12, 747.32
08/16/12, 759.12
08/17/12, 765.81
08/20/12, 764.66
08/21/12, 765.26
08/22/12, 762.73
08/23/12, 764.59
08/24/12, 757.23
08/27/12, 755.37
08/28/12, 746.30
08/29/12, 750.03
08/30/12, 743.79
08/31/12, 731.64
09/03/12, 728.63
09/04/12, 726.69
09/05/12, 718.09
09/06/12, 719.00
09/07/12, 735.17
09/10/12, 737.34
09/11/12, 732.26
09/12/12, 741.82
09/13/12, 744.23
09/14/12, 756.88
09/18/12, 758.36
09/19/12, 764.80
09/20/12, 753.81
09/21/12, 756.38
09/24/12, 753.68
09/25/12, 757.66
09/26/12, 742.54
09/27/12, 745.59
09/28/12, 737.42
10/01/12, 732.35
10/02/12, 731.19
10/03/12, 727.39
10/04/12, 735.38
10/05/12, 737.13
10/09/12, 727.68
10/10/12, 716.84
10/11/12, 713.95
10/12/12, 718.32
10/15/12, 722.99
10/16/12, 732.40
10/17/12, 739.79
10/18/12, 752.30
10/19/12, 754.39
10/22/12, 753.72
10/23/12, 749.37
10/24/12, 743.27
10/25/12, 751.42
10/26/12, 741.23
10/29/12, 740.30
10/30/12, 733.46
10/31/12, 742.33
11/01/12, 743.32
11/02/12, 752.09
11/05/12, 747.95
11/06/12, 744.88
11/07/12, 745.71
11/08/12, 735.35
11/09/12, 730.74
11/12/12, 722.58
11/13/12, 722.56
11/14/12, 722.41
11/15/12, 737.51
11/16/12, 751.34
11/19/12, 762.16
11/20/12, 762.04
11/21/12, 767.01
11/22/12, 776.43
11/26/12, 779.50
11/27/12, 781.60
11/28/12, 771.39
11/29/12, 779.44
11/30/12, 781.46
12/03/12, 781.73
12/04/12, 781.97
12/05/12, 781.86
12/06/12, 788.74
12/07/12, 790.24
12/10/12, 788.48
12/11/12, 786.07
12/12/12, 791.29
12/13/12, 799.21
12/14/12, 801.04
12/17/12, 807.84
12/18/12, 816.85
12/19/12, 839.34
12/20/12, 838.61
12/21/12, 832.72
12/25/12, 838.01
12/26/12, 847.71
12/27/12, 854.09
12/28/12, 859.80
01/04/13, 888.51
01/07/13, 881.06
01/08/13, 871.88
01/09/13, 879.05
01/10/13, 889.02
01/11/13, 898.69
01/15/13, 906.22
01/16/13, 888.11
01/17/13, 890.46
01/18/13, 911.44
01/21/13, 905.16
01/22/13, 901.15
01/23/13, 887.79
01/24/13, 897.62
01/25/13, 917.09
01/28/13, 913.78
01/29/13, 920.76
01/30/13, 934.67
01/31/13, 940.25
02/01/13, 942.65
02/04/13, 955.75
02/05/13, 939.70
02/06/13, 968.82
02/07/13, 969.18
02/08/13, 957.35
02/12/13, 968.50
02/13/13, 957.02
02/14/13, 954.88
02/15/13, 942.41
02/18/13, 962.69
02/19/13, 963.61
02/20/13, 973.70
02/21/13, 962.86
02/22/13, 963.48
02/25/13, 980.70
02/26/13, 966.77
02/27/13, 953.72
02/28/13, 975.66
03/01/13, 984.33
03/04/13, 992.25
03/05/13, 988.62
03/06/13, 1003.22
03/07/13, 1004.35
03/08/13, 1020.50
03/11/13, 1039.98
03/12/13, 1035.90
03/13/13, 1031.42
03/14/13, 1038.17
03/15/13, 1051.65
03/18/13, 1028.34
03/19/13, 1045.89
03/21/13, 1058.10
03/22/13, 1038.57
03/25/13, 1047.29
03/26/13, 1044.42
03/27/13, 1046.47
03/28/13, 1036.78
03/29/13, 1034.71
04/01/13, 1000.57
04/02/13, 991.34
04/03/13, 1010.43
04/04/13, 1037.76
04/05/13, 1066.24
04/08/13, 1101.74
04/09/13, 1102.04
04/10/13, 1121.04
04/11/13, 1147.29
04/12/13, 1148.57
04/15/13, 1133.99
04/16/13, 1119.20
04/17/13, 1136.01
04/18/13, 1122.97
04/19/13, 1126.67
04/22/13, 1145.60
04/23/13, 1143.78
04/24/13, 1164.35
04/25/13, 1172.78
04/26/13, 1161.19
04/30/13, 1165.13
05/01/13, 1158.37
05/02/13, 1153.28
05/07/13, 1188.57
05/08/13, 1194.34
05/09/13, 1181.83
05/10/13, 1210.60
05/13/13, 1232.20
05/14/13, 1230.80
05/15/13, 1252.85
05/16/13, 1245.23
05/17/13, 1253.24
05/20/13, 1269.51
05/21/13, 1270.39
05/22/13, 1276.03
05/23/13, 1188.34
05/24/13, 1194.08
05/27/13, 1154.07
05/28/13, 1168.27
05/29/13, 1178.87
05/30/13, 1134.42
05/31/13, 1135.78
06/03/13, 1096.95
06/04/13, 1125.47
06/05/13, 1090.03
06/06/13, 1070.77
06/07/13, 1056.95
06/10/13, 1111.97
06/11/13, 1101.15
06/12/13, 1096.54
06/13/13, 1044.17
06/14/13, 1056.45
06/17/13, 1084.72
06/18/13, 1086.40
06/19/13, 1106.57
06/20/13, 1091.81
06/21/13, 1099.40
06/24/13, 1089.64
06/25/13, 1078.66
06/26/13, 1069.28
06/27/13, 1098.83
06/28/13, 1133.84
07/01/13, 1150.70
07/02/13, 1171.84
07/03/13, 1173.81
07/04/13, 1170.71
07/05/13, 1188.58
07/08/13, 1172.58
07/09/13, 1196.89
07/10/13, 1195.20
07/11/13, 1194.77
07/12/13, 1201.99
07/16/13, 1210.54
07/17/13, 1213.24
07/18/13, 1222.01
07/19/13, 1211.98
07/22/13, 1216.53
07/23/13, 1222.72
07/24/13, 1219.92
07/25/13, 1202.32
07/26/13, 1167.06
07/29/13, 1128.45
07/30/13, 1148.53
07/31/13, 1131.70
08/01/13, 1163.39
08/02/13, 1196.17
08/05/13, 1184.74
08/06/13, 1193.66
08/07/13, 1155.26
08/08/13, 1139.59
08/09/13, 1140.91
08/12/13, 1134.14
08/13/13, 1157.05
08/14/13, 1169.97
08/15/13, 1151.82
08/16/13, 1142.65
08/19/13, 1149.13
08/20/13, 1125.27
08/21/13, 1121.74
08/22/13, 1119.56
08/23/13, 1141.63
08/26/13, 1140.00
08/27/13, 1134.02
08/28/13, 1114.03
08/29/13, 1116.51
08/30/13, 1106.05
09/02/13, 1117.78
09/03/13, 1149.18
09/04/13, 1156.30
09/05/13, 1157.84
09/06/13, 1147.82
09/09/13, 1173.00
09/10/13, 1190.22
09/11/13, 1189.25
09/12/13, 1184.36
09/13/13, 1185.28
09/17/13, 1181.64
09/18/13, 1193.07
09/19/13, 1215.48
09/20/13, 1218.98
09/24/13, 1214.87
09/25/13, 1211.15
09/26/13, 1220.49
09/27/13, 1217.52
09/30/13, 1194.10
10/01/13, 1193.44
10/02/13, 1175.16
10/03/13, 1173.99
10/04/13, 1163.82
10/07/13, 1147.58
10/08/13, 1150.13
10/09/13, 1166.90
10/10/13, 1177.95
10/11/13, 1197.17
10/15/13, 1197.47
10/16/13, 1196.78
10/17/13, 1206.25
10/18/13, 1205.52
10/21/13, 1212.36
10/22/13, 1214.44
10/23/13, 1195.98
10/24/13, 1203.35
10/25/13, 1178.28
10/28/13, 1198.36
10/29/13, 1193.50
10/30/13, 1204.50
10/31/13, 1194.26
11/01/13, 1183.03
11/05/13, 1182.58
11/06/13, 1192.16
11/07/13, 1184.73
11/08/13, 1176.42
11/11/13, 1185.65
11/12/13, 1205.41
11/13/13, 1204.19
11/14/13, 1218.55
11/15/13, 1239.04
11/18/13, 1241.67
11/19/13, 1236.86
11/20/13, 1233.43
11/21/13, 1246.31
11/22/13, 1248.57
11/25/13, 1259.61
11/26/13, 1253.02
11/27/13, 1247.08
11/28/13, 1261.04
11/29/13, 1258.66
12/02/13, 1258.94
12/03/13, 1262.54
12/04/13, 1240.99
12/05/13, 1229.65
12/06/13, 1235.83
12/09/13, 1255.32
12/10/13, 1256.33
12/11/13, 1250.45
12/12/13, 1242.23
12/13/13, 1238.88
12/16/13, 1222.95
12/17/13, 1232.31
12/18/13, 1250.49
12/19/13, 1263.07
12/20/13, 1261.64
12/24/13, 1257.55
12/25/13, 1258.18
12/26/13, 1279.34
12/27/13, 1290.07
12/30/13, 1302.29
01/06/14, 1292.15
01/07/14, 1283.25
01/08/14, 1306.23
01/09/14, 1296.75
01/10/14, 1298.48
01/14/14, 1269.08
01/15/14, 1294.52
01/16/14, 1294.39
01/17/14, 1297.39
01/20/14, 1293.86
01/21/14, 1295.95
01/22/14, 1299.63
01/23/14, 1287.52
01/24/14, 1264.60
01/27/14, 1229.23
01/28/14, 1224.31
01/29/14, 1256.18
01/30/14, 1224.09
01/31/14, 1220.64
02/03/14, 1196.32
02/04/14, 1139.27
02/05/14, 1162.64
02/06/14, 1162.37
02/07/14, 1189.14
02/10/14, 1204.28
02/12/14, 1219.60
02/13/14, 1199.74
02/14/14, 1183.82
02/17/14, 1192.05
02/18/14, 1224.00
02/19/14, 1218.52
02/20/14, 1194.56
02/21/14, 1222.31
02/24/14, 1219.07
02/25/14, 1233.66
02/26/14, 1225.35
02/27/14, 1217.35
02/28/14, 1211.66
03/03/14, 1196.76
03/04/14, 1204.11
03/05/14, 1212.90
03/06/14, 1228.36
03/07/14, 1236.97
03/10/14, 1227.61
03/11/14, 1233.21
03/12/14, 1206.94
03/13/14, 1203.46
03/14/14, 1164.70
03/17/14, 1154.93
03/18/14, 1165.94
03/19/14, 1164.33
03/20/14, 1145.97
03/24/14, 1163.04
03/25/14, 1163.70
03/26/14, 1172.07
03/27/14, 1176.90
03/28/14, 1186.52
03/31/14, 1202.89
04/01/14, 1204.25
04/02/14, 1211.36
04/03/14, 1216.77
04/04/14, 1215.89
04/07/14, 1196.84
04/08/14, 1174.56
04/09/14, 1150.44
04/10/14, 1149.49
04/11/14, 1134.09
04/14/14, 1132.76
04/15/14, 1136.09
04/16/14, 1166.55
04/17/14, 1166.59
04/18/14, 1173.37
04/21/14, 1171.40
04/22/14, 1162.50
04/23/14, 1173.81
04/24/14, 1164.90
04/25/14, 1169.99
04/28/14, 1160.74
04/30/14, 1162.44
05/01/14, 1182.20
05/02/14, 1182.48
05/07/14, 1152.01
05/08/14, 1160.01
05/09/14, 1165.51
05/12/14, 1157.91
05/13/14, 1178.35
05/14/14, 1183.15
05/15/14, 1178.29
05/16/14, 1159.07
05/19/14, 1150.07
05/20/14, 1153.38
05/21/14, 1150.05
05/22/14, 1169.34
05/23/14, 1180.44
05/26/14, 1194.69
05/27/14, 1195.11
05/28/14, 1198.17
05/29/14, 1200.68
05/30/14, 1201.41
06/02/14, 1220.47
06/03/14, 1228.59
06/04/14, 1233.95
06/05/14, 1232.75
06/06/14, 1234.57
06/09/14, 1234.78
06/10/14, 1228.73
06/11/14, 1239.07
06/12/14, 1237.75
06/13/14, 1243.97
06/16/14, 1234.68
06/17/14, 1238.20
06/18/14, 1249.15
06/19/14, 1269.04
06/20/14, 1268.92
06/23/14, 1267.48
06/24/14, 1268.50
06/25/14, 1260.83
06/26/14, 1263.43
06/27/14, 1253.15
06/30/14, 1262.56
07/01/14, 1276.08
07/02/14, 1280.78
07/03/14, 1278.59
07/04/14, 1285.24
07/07/14, 1279.87
07/08/14, 1275.70
07/09/14, 1270.82
07/10/14, 1259.25
07/11/14, 1255.19
07/14/14, 1265.46
07/15/14, 1273.68
07/16/14, 1273.59
07/17/14, 1273.38
07/18/14, 1263.29
07/22/14, 1273.27
07/23/14, 1272.39
07/24/14, 1269.86
07/25/14, 1281.35
07/28/14, 1286.07
07/29/14, 1290.41
07/30/14, 1292.24
07/31/14, 1289.42
08/01/14, 1281.30
08/04/14, 1276.19
08/05/14, 1263.53
08/06/14, 1251.29
08/07/14, 1258.12
08/08/14, 1228.26
08/11/14, 1252.51
08/12/14, 1257.69
08/13/14, 1262.13
08/14/14, 1270.50
08/15/14, 1270.68
08/18/14, 1271.26
08/19/14, 1280.29
08/20/14, 1279.64
08/21/14, 1291.19
08/22/14, 1286.07
08/25/14, 1291.31
08/26/14, 1285.01
08/27/14, 1285.92
08/28/14, 1280.74
08/29/14, 1277.97
09/01/14, 1283.06
09/02/14, 1297.00
09/03/14, 1301.52
09/04/14, 1296.39
09/05/14, 1293.21
09/08/14, 1298.64
09/09/14, 1299.62
09/10/14, 1306.79
09/11/14, 1311.24
09/12/14, 1313.72
09/16/14, 1310.86
09/17/14, 1304.96
09/18/14, 1317.91
09/19/14, 1331.91
09/22/14, 1330.88
09/24/14, 1326.18
09/25/14, 1346.43
09/26/14, 1331.95
09/29/14, 1337.30
09/30/14, 1326.29
10/01/14, 1318.21
10/02/14, 1280.15
10/03/14, 1282.54
10/06/14, 1296.40
10/07/14, 1290.89
10/08/14, 1274.85
10/09/14, 1260.78
10/10/14, 1243.09
10/14/14, 1214.27
10/15/14, 1223.67
10/16/14, 1195.50
10/17/14, 1177.22
10/20/14, 1224.34
10/21/14, 1205.36
10/22/14, 1236.41
10/23/14, 1232.34
10/24/14, 1242.32
10/27/14, 1254.28
10/28/14, 1252.00
10/29/14, 1270.64
10/30/14, 1278.90
10/31/14, 1333.64
11/04/14, 1368.65
11/05/14, 1371.76
11/06/14, 1356.35
11/07/14, 1363.67
11/10/14, 1360.11
11/11/14, 1375.21
11/12/14, 1377.05
11/13/14, 1389.51
11/14/14, 1400.41
11/17/14, 1366.13
11/18/14, 1394.88
11/19/14, 1396.54
11/20/14, 1397.64
11/21/14, 1400.18
11/25/14, 1409.15
11/26/14, 1406.40
11/27/14, 1391.90
11/28/14, 1410.34
12/01/14, 1421.65
12/02/14, 1427.85
12/03/14, 1429.75
12/04/14, 1440.60
12/05/14, 1445.67
12/08/14, 1447.58
12/09/14, 1436.09
12/10/14, 1406.83
12/11/14, 1397.04
12/12/14, 1399.65
12/15/14, 1379.29
12/16/14, 1353.37
12/17/14, 1352.01
12/18/14, 1376.32
12/19/14, 1409.61
12/22/14, 1413.05
12/24/14, 1426.02
12/25/14, 1421.26
12/26/14, 1427.50
12/29/14, 1424.67
12/30/14, 1407.51
01/05/15, 1401.09
01/06/15, 1361.14
01/07/15, 1359.80
01/08/15, 1377.67
01/09/15, 1380.58
01/13/15, 1374.69
01/14/15, 1357.98
01/15/15, 1376.60
01/16/15, 1363.73
01/19/15, 1372.41
01/20/15, 1397.63
01/21/15, 1390.61
01/22/15, 1389.43
01/23/15, 1403.22
01/26/15, 1402.08
01/27/15, 1426.38
01/28/15, 1429.92
01/29/15, 1413.58
01/30/15, 1415.07
02/02/15, 1408.75
02/03/15, 1392.39
02/04/15, 1417.00
02/05/15, 1410.11
02/06/15, 1417.19
02/09/15, 1424.92
02/10/15, 1427.72
02/12/15, 1449.39
02/13/15, 1449.38
02/16/15, 1459.43
02/17/15, 1462.07
02/18/15, 1482.67
02/19/15, 1494.93
02/20/15, 1500.33
02/23/15, 1502.83
02/24/15, 1508.28
02/25/15, 1507.62
02/26/15, 1521.68
02/27/15, 1523.85
03/02/15, 1524.97
03/03/15, 1526.83
03/04/15, 1517.01
03/05/15, 1523.72
03/06/15, 1540.84
03/09/15, 1531.76
03/10/15, 1524.75
03/11/15, 1525.67
03/12/15, 1546.63
03/13/15, 1560.33
03/16/15, 1558.21
03/17/15, 1570.50
03/18/15, 1582.46
03/19/15, 1575.81
03/20/15, 1580.51
03/23/15, 1592.25
03/24/15, 1587.59
03/25/15, 1592.01
03/26/15, 1568.82
03/27/15, 1552.78
03/30/15, 1557.77
03/31/15, 1543.11
04/01/15, 1528.99
04/02/15, 1554.17
04/03/15, 1564.16
04/06/15, 1560.71
04/07/15, 1578.55
04/08/15, 1588.47
04/09/15, 1594.19
04/10/15, 1589.54
04/13/15, 1586.26
04/14/15, 1590.82
04/15/15, 1588.81
04/16/15, 1599.42
04/17/15, 1588.69
04/20/15, 1582.68
04/21/15, 1608.88
04/22/15, 1621.79
04/23/15, 1624.87
04/24/15, 1618.84
04/27/15, 1619.07
04/28/15, 1627.43
04/30/15, 1592.79
05/01/15, 1585.61
05/07/15, 1574.64
05/08/15, 1587.76
05/11/15, 1598.33
05/12/15, 1602.27
05/13/15, 1604.21
05/14/15, 1591.49
05/15/15, 1607.11
05/18/15, 1626.66
05/19/15, 1633.33
05/20/15, 1643.40
05/21/15, 1646.80
05/22/15, 1647.85
05/25/15, 1659.15
05/26/15, 1659.57
05/27/15, 1661.33
05/28/15, 1672.76
05/29/15, 1673.65
06/01/15, 1678.56
06/02/15, 1674.21
06/03/15, 1669.99
06/04/15, 1673.89
06/05/15, 1667.06
06/08/15, 1661.99
06/09/15, 1634.37
06/10/15, 1628.23
06/11/15, 1648.88
06/12/15, 1651.48
06/15/15, 1651.92
06/16/15, 1639.86
06/17/15, 1633.70
06/18/15, 1616.66
06/19/15, 1631.01
06/22/15, 1648.61
06/23/15, 1676.40
06/24/15, 1679.89
06/25/15, 1670.91
06/26/15, 1667.03
06/29/15, 1624.82
06/30/15, 1630.40
07/01/15, 1636.41
07/02/15, 1648.24
07/03/15, 1652.09
07/06/15, 1620.36
07/07/15, 1637.23
07/08/15, 1582.48
07/09/15, 1579.89
07/10/15, 1583.55
07/13/15, 1613.51
07/14/15, 1638.71
07/15/15, 1646.41
07/16/15, 1660.83
07/17/15, 1662.94
07/21/15, 1673.88
07/22/15, 1655.37
07/23/15, 1664.88
07/24/15, 1655.86
07/27/15, 1637.90
07/28/15, 1629.46
07/29/15, 1633.94
07/30/15, 1647.21
07/31/15, 1659.52
08/03/15, 1659.60
08/04/15, 1659.83
08/05/15, 1665.85
08/06/15, 1673.58
08/07/15, 1679.19
08/10/15, 1691.29
08/11/15, 1687.60
08/12/15, 1665.75
08/13/15, 1667.95
08/14/15, 1664.46
08/17/15, 1672.87
08/18/15, 1672.22
08/19/15, 1648.48
08/20/15, 1623.88
08/21/15, 1573.01
08/24/15, 1480.87
08/25/15, 1432.65
08/26/15, 1478.97
08/27/15, 1500.41
08/28/15, 1549.80
08/31/15, 1537.05
09/01/15, 1478.11
09/02/15, 1465.99
09/03/15, 1474.98
09/04/15, 1444.53
09/07/15, 1445.65
09/08/15, 1416.71
09/09/15, 1507.37
09/10/15, 1479.52
09/11/15, 1480.23
09/14/15, 1462.41
09/15/15, 1462.24
09/16/15, 1472.60
09/17/15, 1491.91
09/18/15, 1462.38
09/24/15, 1426.97
09/25/15, 1453.81
09/28/15, 1438.67
09/29/15, 1375.52
09/30/15, 1411.16
10/01/15, 1442.74
10/02/15, 1444.92
10/05/15, 1463.92
10/06/15, 1475.84
10/07/15, 1493.17
10/08/15, 1481.40
10/09/15, 1515.13
10/13/15, 1503.13
10/14/15, 1470.83
10/15/15, 1490.72
10/16/15, 1505.84
10/19/15, 1494.75
10/20/15, 1499.28
10/21/15, 1526.81
10/22/15, 1518.22
10/23/15, 1547.84
10/26/15, 1558.99
10/27/15, 1543.11
10/28/15, 1547.19
10/29/15, 1547.11
10/30/15, 1558.20
11/02/15, 1526.97
11/04/15, 1540.43
11/05/15, 1555.10
11/06/15, 1563.59
11/09/15, 1590.97
11/10/15, 1589.48
11/11/15, 1595.32
11/12/15, 1593.57
11/13/15, 1585.83
11/16/15, 1571.53
11/17/15, 1586.11
11/18/15, 1586.53
11/19/15, 1600.38
11/20/15, 1603.18
11/24/15, 1605.94
11/25/15, 1594.67
11/26/15, 1602.32
11/27/15, 1594.45
11/30/15, 1580.25
12/01/15, 1601.95
12/02/15, 1602.26
12/03/15, 1602.94
12/04/15, 1574.02
12/07/15, 1585.21
12/08/15, 1568.73
12/09/15, 1555.58
12/10/15, 1540.35
12/11/15, 1549.51
12/14/15, 1527.88
12/15/15, 1502.55
12/16/15, 1540.72
12/17/15, 1564.71
12/18/15, 1537.10
12/21/15, 1531.28
12/22/15, 1533.60
12/24/15, 1523.62
12/25/15, 1516.19
12/28/15, 1529.22
12/29/15, 1543.39
12/30/15, 1547.30
01/04/16, 1509.67
01/05/16, 1504.71
01/06/16, 1488.84
01/07/16, 1457.94
01/08/16, 1447.32
01/12/16, 1401.95
01/13/16, 1442.09
01/14/16, 1406.55
01/15/16, 1402.45
01/18/16, 1387.93
01/19/16, 1390.41
01/20/16, 1338.97
01/21/16, 1301.49
01/22/16, 1374.19
01/25/16, 1392.63
01/26/16, 1360.23
01/27/16, 1400.70
01/28/16, 1392.10
01/29/16, 1432.07
02/01/16, 1462.67
02/02/16, 1452.04
02/03/16, 1406.27
02/04/16, 1388.81
02/05/16, 1368.97
02/08/16, 1380.41
02/09/16, 1304.33
02/10/16, 1264.96
02/12/16, 1196.28
02/15/16, 1292.23
02/16/16, 1297.01
02/17/16, 1282.40
02/18/16, 1311.20
02/19/16, 1291.82
02/22/16, 1300.00
02/23/16, 1291.17
02/24/16, 1284.53
02/25/16, 1307.54
02/26/16, 1311.27
02/29/16, 1297.85
03/01/16, 1300.83
03/02/16, 1349.61
03/03/16, 1369.05
03/04/16, 1375.35
03/07/16, 1361.90
03/08/16, 1347.72
03/09/16, 1332.33
03/10/16, 1352.17
03/11/16, 1359.32
03/14/16, 1379.95
03/15/16, 1372.08
03/16/16, 1360.50
03/17/16, 1358.97
03/18/16, 1345.05
03/22/16, 1369.93
03/23/16, 1364.20
03/24/16, 1354.61
03/25/16, 1366.05
03/28/16, 1381.85
03/29/16, 1377.60
03/30/16, 1356.29
03/31/16, 1347.20
04/01/16, 1301.40
04/04/16, 1302.71
04/05/16, 1268.37
04/06/16, 1267.75
04/07/16, 1272.64
04/08/16, 1287.69
04/11/16, 1279.79
04/12/16, 1299.35
04/13/16, 1332.44
04/14/16, 1371.35
04/15/16, 1361.40
04/18/16, 1320.15
04/19/16, 1363.03
04/20/16, 1365.78
04/21/16, 1393.68
04/22/16, 1407.50
04/25/16, 1401.83
04/26/16, 1391.69
04/27/16, 1384.30
04/28/16, 1340.55
05/02/16, 1299.96
05/06/16, 1298.32
05/09/16, 1306.66
05/10/16, 1334.90
05/11/16, 1334.30
05/12/16, 1337.27
05/13/16, 1320.19
05/16/16, 1321.65
05/17/16, 1335.85
05/18/16, 1338.38
05/19/16, 1336.56
05/20/16, 1343.40
05/23/16, 1338.68
05/24/16, 1326.50
05/25/16, 1342.88
05/26/16, 1342.87
05/27/16, 1349.93
05/30/16, 1366.01
05/31/16, 1379.80
06/01/16, 1362.07
06/02/16, 1331.81
06/03/16, 1337.23
06/06/16, 1332.43
06/07/16, 1340.77
06/08/16, 1350.97
06/09/16, 1337.41
06/10/16, 1330.72
06/13/16, 1284.54
06/14/16, 1271.93
06/15/16, 1277.11
06/16/16, 1241.56
06/17/16, 1250.83
06/20/16, 1279.19
06/21/16, 1293.90
06/22/16, 1284.61
06/23/16, 1298.71
06/24/16, 1204.48
06/27/16, 1225.76
06/28/16, 1224.62
06/29/16, 1247.69
06/30/16, 1245.82
07/01/16, 1254.44
07/04/16, 1261.97
07/05/16, 1256.64
07/06/16, 1234.20
07/07/16, 1226.09
07/08/16, 1209.88
07/11/16, 1255.79
07/12/16, 1285.73
07/13/16, 1300.26
07/14/16, 1311.16
07/15/16, 1317.10
07/19/16, 1331.39
07/20/16, 1330.75
07/21/16, 1339.39
07/22/16, 1327.51
07/25/16, 1325.36
07/26/16, 1306.94
07/27/16, 1321.67
07/28/16, 1307.00
07/29/16, 1322.74
08/01/16, 1321.83
08/02/16, 1300.20
08/03/16, 1271.98
08/04/16, 1282.99
08/05/16, 1279.90
08/08/16, 1305.53
08/09/16, 1317.49
08/10/16, 1314.83
08/12/16, 1323.22
08/15/16, 1316.63
08/16/16, 1298.47
08/17/16, 1311.13
08/18/16, 1290.79
08/19/16, 1295.67
08/22/16, 1303.68
08/23/16, 1297.56
08/24/16, 1306.71
08/25/16, 1304.27
08/26/16, 1287.90
08/29/16, 1313.24
08/30/16, 1312.81
08/31/16, 1329.54
09/01/16, 1337.38
09/02/16, 1340.76
09/05/16, 1343.85
09/06/16, 1352.58
09/07/16, 1349.53
09/08/16, 1345.95
09/09/16, 1343.86
09/12/16, 1323.10
09/13/16, 1322.99
09/14/16, 1314.74
09/15/16, 1301.11
09/16/16, 1311.50
09/20/16, 1316.97
09/21/16, 1352.67
09/23/16, 1349.56
09/26/16, 1335.84
09/27/16, 1349.22
09/28/16, 1330.77
09/29/16, 1343.25
09/30/16, 1322.78
10/03/16, 1330.72
10/04/16, 1340.21
10/05/16, 1347.81
10/06/16, 1353.93
10/07/16, 1350.61
10/11/16, 1356.35
10/12/16, 1342.35
10/13/16, 1342.31
10/14/16, 1347.19
10/17/16, 1352.56
10/18/16, 1356.57
10/19/16, 1357.20
10/20/16, 1370.80
10/21/16, 1365.29
10/24/16, 1367.61
10/25/16, 1377.32
10/26/16, 1382.70
10/27/16, 1382.01
10/28/16, 1392.41
10/31/16, 1393.02
11/01/16, 1393.19
11/02/16, 1368.44
